Date,Name,Year,Letterboxd URI,Rating,Rewatch,Tags,Watched Date
2018-03-27,The Life Aquatic with Steve Zissou,2004,https://letterboxd.com/cindyshi/film/the-life-aquatic-with-steve-zissou/,3.5,,,2017-09-22
2018-02-02,Lady Bird,2017,https://letterboxd.com/cindyshi/film/lady-bird/,5,,"cineplex, fifth ave",2017-11-16
2018-02-02,The Florida Project,2017,https://letterboxd.com/cindyshi/film/the-florida-project/,4.5,,"cineplex, international village",2017-11-20
2018-02-02,"Three Billboards Outside Ebbing, Missouri",2017,https://letterboxd.com/cindyshi/film/three-billboards-outside-ebbing-missouri/,5,,"cineplex, scotiabank",2017-11-22
2018-02-02,Coco,2017,https://letterboxd.com/cindyshi/film/coco-2017/,3.5,,"cineplex, international village",2017-11-24
2018-02-02,Lady Bird,2017,https://letterboxd.com/cindyshi/film/lady-bird/1/,5,Yes,"cineplex, fifth ave",2017-12-02
2018-05-10,Good Time,2017,https://letterboxd.com/cindyshi/film/good-time/,3.5,,,2017-12-03
2018-05-10,The Big Sick,2017,https://letterboxd.com/cindyshi/film/the-big-sick/,4,,,2017-12-03
2018-03-22,Dunkirk,2017,https://letterboxd.com/cindyshi/film/dunkirk-2017/,4,Yes,"science world, imax",2017-12-05
2018-02-02,The Disaster Artist,2017,https://letterboxd.com/cindyshi/film/the-disaster-artist/,4.5,,"cineplex, scotiabank",2017-12-07
2018-03-22,BPM (Beats per Minute),2017,https://letterboxd.com/cindyshi/film/bpm-beats-per-minute/,3.5,,"viff, vancity",2017-12-08
2018-02-02,Faces Places,2017,https://letterboxd.com/cindyshi/film/faces-places/,5,,"viff, vancity",2017-12-09
2018-03-22,Baby Driver,2017,https://letterboxd.com/cindyshi/film/baby-driver/,3.5,,,2017-12-10
2018-03-22,A Ghost Story,2017,https://letterboxd.com/cindyshi/film/a-ghost-story-2017/,4.5,,,2017-12-11
2018-02-02,The Square,2017,https://letterboxd.com/cindyshi/film/the-square-2017/,4,,rio,2017-12-13
2019-04-04,Brooklyn,2015,https://letterboxd.com/cindyshi/film/brooklyn/,4.5,,,2017-12-13
2018-02-02,Call Me by Your Name,2017,https://letterboxd.com/cindyshi/film/call-me-by-your-name/,5,,"cineplex, fifth ave",2017-12-15
2018-02-02,The Shape of Water,2017,https://letterboxd.com/cindyshi/film/the-shape-of-water/,4,,"cineplex, international village",2017-12-16
2018-02-02,Darkest Hour,2017,https://letterboxd.com/cindyshi/film/darkest-hour/,3,,"cineplex, fifth ave",2017-12-16
2018-02-02,Call Me by Your Name,2017,https://letterboxd.com/cindyshi/film/call-me-by-your-name/1/,5,Yes,"cineplex, fifth ave",2017-12-16
2018-02-02,Star Wars: The Last Jedi,2017,https://letterboxd.com/cindyshi/film/star-wars-the-last-jedi/,4,,"3d, scotiabank, cineplex",2017-12-17
2018-03-22,Battle of the Sexes,2017,https://letterboxd.com/cindyshi/film/battle-of-the-sexes-2017/,3,,,2017-12-19
2018-02-02,The Greatest Showman,2017,https://letterboxd.com/cindyshi/film/the-greatest-showman/,2,,"cineplex, metrotown",2017-12-20
2018-02-02,The Breadwinner,2017,https://letterboxd.com/cindyshi/film/the-breadwinner/,4.5,,"cineplex, international village",2017-12-20
2018-03-22,Loving Vincent,2017,https://letterboxd.com/cindyshi/film/loving-vincent/,4,,,2017-12-22
2018-02-02,"I, Tonya",2017,https://letterboxd.com/cindyshi/film/i-tonya/,3.5,,"cineplex, international village",2018-01-05
2018-02-02,All the Money in the World,2017,https://letterboxd.com/cindyshi/film/all-the-money-in-the-world/,4,,"cineplex, international village",2018-01-06
2018-02-02,Molly's Game,2017,https://letterboxd.com/cindyshi/film/mollys-game/,3.5,,"cineplex, international village",2018-01-06
2018-02-02,The Post,2017,https://letterboxd.com/cindyshi/film/the-post-2017/,4,,"cineplex, scotiabank",2018-01-11
2018-04-05,Blue,2017,https://letterboxd.com/cindyshi/film/blue-2017-1/,3.5,,"viff, vancity",2018-01-12
2018-02-02,Phantom Thread,2017,https://letterboxd.com/cindyshi/film/phantom-thread/,5,,"cineplex, fifth ave",2018-01-13
2018-03-22,Paddington,2014,https://letterboxd.com/cindyshi/film/paddington/,4,,"youtube, rent",2018-01-28
2018-03-22,Punch-Drunk Love,2002,https://letterboxd.com/cindyshi/film/punch-drunk-love/,5,,,2018-01-28
2018-05-24,In the Fade,2017,https://letterboxd.com/cindyshi/film/in-the-fade/,3,,"cineplex, international village",2018-01-28
2018-03-22,Paddington 2,2017,https://letterboxd.com/cindyshi/film/paddington-2/,4.5,,"cineplex, international village",2018-01-29
2018-02-03,Phantom Thread,2017,https://letterboxd.com/cindyshi/film/phantom-thread/1/,5,Yes,"cineplex, fifth ave",2018-02-02
2018-03-16,Mudbound,2017,https://letterboxd.com/cindyshi/film/mudbound/,3,,,2018-02-03
2018-03-16,Abacus: Small Enough to Jail,2016,https://letterboxd.com/cindyshi/film/abacus-small-enough-to-jail/,3.5,,,2018-02-09
2018-03-16,Icarus,2017,https://letterboxd.com/cindyshi/film/icarus-2017/,4,,netflix,2018-02-10
2018-03-16,Last Men in Aleppo,2017,https://letterboxd.com/cindyshi/film/last-men-in-aleppo/,3.5,,netflix,2018-02-11
2018-03-16,The Insult,2017,https://letterboxd.com/cindyshi/film/the-insult/,4,,"viff, vancity",2018-02-23
2018-03-16,Black Panther,2018,https://letterboxd.com/cindyshi/film/black-panther-2018/,4.5,,"3d, cineplex, marine drive",2018-02-27
2018-03-22,The Big Short,2015,https://letterboxd.com/cindyshi/film/the-big-short/,3.5,,"rent, youtube",2018-03-01
2018-03-22,A Fantastic Woman,2017,https://letterboxd.com/cindyshi/film/a-fantastic-woman/1/,4,,"cineplex, international village",2018-03-02
2018-03-16,20th Century Women,2016,https://letterboxd.com/cindyshi/film/20th-century-women/,3.5,,"rent, youtube",2018-03-08
2018-03-16,Fantastic Mr. Fox,2009,https://letterboxd.com/cindyshi/film/fantastic-mr-fox/,5,,"cineplex, international village",2018-03-10
2018-03-16,"Love, Simon",2018,https://letterboxd.com/cindyshi/film/love-simon/,3.5,,"cineplex, international village",2018-03-10
2018-03-21,Frances Ha,2012,https://letterboxd.com/cindyshi/film/frances-ha/,5,Yes,,2018-03-11
2018-03-22,Mistress America,2015,https://letterboxd.com/cindyshi/film/mistress-america/,4,,,2018-03-11
2018-03-16,Moonrise Kingdom,2012,https://letterboxd.com/cindyshi/film/moonrise-kingdom/,4,,,2018-03-14
2018-03-21,Black Panther,2018,https://letterboxd.com/cindyshi/film/black-panther-2018/1/,4.5,Yes,"cineplex, scotiabank",2018-03-16
2018-03-22,Lover for a Day,2017,https://letterboxd.com/cindyshi/film/lover-for-a-day/,4,,,2018-03-17
2018-03-21,The Grand Budapest Hotel,2014,https://letterboxd.com/cindyshi/film/the-grand-budapest-hotel/,5,Yes,,2018-03-18
2018-03-29,Annihilation,2018,https://letterboxd.com/cindyshi/film/annihilation/1/,4,,"cineplex, marine drive",2018-03-20
2018-03-25,Rushmore,1998,https://letterboxd.com/cindyshi/film/rushmore/,4.5,,"rent, youtube",2018-03-23
2018-03-25,The Royal Tenenbaums,2001,https://letterboxd.com/cindyshi/film/the-royal-tenenbaums/,4,,,2018-03-24
2018-03-27,The Darjeeling Limited,2007,https://letterboxd.com/cindyshi/film/the-darjeeling-limited/1/,4.5,,,2018-03-24
2018-03-26,Bottle Rocket,1996,https://letterboxd.com/cindyshi/film/bottle-rocket-1996/,3.5,,,2018-03-25
2018-03-27,Foxtrot,2017,https://letterboxd.com/cindyshi/film/foxtrot-2017/,4.5,,"viff, vancity",2018-03-26
2018-03-28,Loveless,2017,https://letterboxd.com/cindyshi/film/loveless-2017/,3,,"cineplex, international village",2018-03-27
2018-03-29,Ready Player One,2018,https://letterboxd.com/cindyshi/film/ready-player-one/,5,,"3d, cineplex, scotiabank",2018-03-28
2018-03-30,Isle of Dogs,2018,https://letterboxd.com/cindyshi/film/isle-of-dogs-2018/,4,,"cineplex, international village",2018-03-29
2018-04-01,The Shining,1980,https://letterboxd.com/cindyshi/film/the-shining/,4.5,,,2018-03-30
2018-04-01,The Little Prince,2015,https://letterboxd.com/cindyshi/film/the-little-prince-2015/,4,,"viff, q&a, vancity",2018-03-31
2018-04-01,Ready Player One,2018,https://letterboxd.com/cindyshi/film/ready-player-one/1/,4.5,Yes,"imax, 3d, cineplex, riverport",2018-03-31
2018-04-05,The Master,2012,https://letterboxd.com/cindyshi/film/the-master-2012/,4.5,,,2018-04-03
2018-04-07,Inherent Vice,2014,https://letterboxd.com/cindyshi/film/inherent-vice/,4.5,,,2018-04-05
2018-04-07,Isle of Dogs,2018,https://letterboxd.com/cindyshi/film/isle-of-dogs-2018/1/,4,Yes,"cineplex, fifth ave",2018-04-06
2018-04-08,Magnolia,1999,https://letterboxd.com/cindyshi/film/magnolia/,5,,,2018-04-07
2018-04-11,Boogie Nights,1997,https://letterboxd.com/cindyshi/film/boogie-nights/,5,,,2018-04-09
2018-04-11,A Quiet Place,2018,https://letterboxd.com/cindyshi/film/a-quiet-place-2018/,3.5,,"cineplex, marine drive",2018-04-10
2018-04-12,The Social Network,2010,https://letterboxd.com/cindyshi/film/the-social-network/,5,Yes,netflix,2018-04-11
2018-04-16,Hard Eight,1996,https://letterboxd.com/cindyshi/film/hard-eight/,3,,,2018-04-15
2018-04-18,There Will Be Blood,2007,https://letterboxd.com/cindyshi/film/there-will-be-blood/,5,,"rent, youtube",2018-04-16
2018-04-18,The Death of Stalin,2017,https://letterboxd.com/cindyshi/film/the-death-of-stalin/,4,,"cineplex, fifth ave",2018-04-17
2018-04-19,Final Portrait,2017,https://letterboxd.com/cindyshi/film/final-portrait/,1,,"cineplex, international village",2018-04-18
2018-04-21,Her,2013,https://letterboxd.com/cindyshi/film/her/,4.5,,,2018-04-20
2018-04-25,You Were Never Really Here,2017,https://letterboxd.com/cindyshi/film/you-were-never-really-here/,4.5,,"cineplex, fifth ave",2018-04-24
2018-04-26,Lean on Pete,2017,https://letterboxd.com/cindyshi/film/lean-on-pete/,1,,"cineplex, international village",2018-04-25
2018-04-27,Avengers: Infinity War,2018,https://letterboxd.com/cindyshi/film/avengers-infinity-war/,4,,"3d, cineplex, metrotown",2018-04-26
2018-05-02,The Rider,2017,https://letterboxd.com/cindyshi/film/the-rider/,4.5,,"cineplex, international village",2018-05-01
2018-05-04,Tully,2018,https://letterboxd.com/cindyshi/film/tully-2018/,4.5,,,2018-05-03
2018-05-05,Young Adult,2011,https://letterboxd.com/cindyshi/film/young-adult/,1.5,,,2018-05-04
2018-05-06,Carol,2015,https://letterboxd.com/cindyshi/film/carol-2015/,4.5,,netflix,2018-05-05
2018-05-07,Juno,2007,https://letterboxd.com/cindyshi/film/juno/,4.5,,,2018-05-06
2018-05-08,Boyhood,2014,https://letterboxd.com/cindyshi/film/boyhood/,5,,,2018-05-07
2018-05-09,Tangerine,2015,https://letterboxd.com/cindyshi/film/tangerine/,4.5,,netflix,2018-05-08
2018-05-10,Personal Shopper,2016,https://letterboxd.com/cindyshi/film/personal-shopper/,3,,,2018-05-09
2018-05-12,The Seagull,2018,https://letterboxd.com/cindyshi/film/the-seagull-2018/,3.5,,"cineplex, fifth ave",2018-05-11
2018-05-13,Sunset Boulevard,1950,https://letterboxd.com/cindyshi/film/sunset-boulevard/,4.5,,"park, cineplex",2018-05-12
2018-05-17,Blue Is the Warmest Color,2013,https://letterboxd.com/cindyshi/film/blue-is-the-warmest-color/,5,,netflix,2018-05-16
2018-05-18,Deadpool 2,2018,https://letterboxd.com/cindyshi/film/deadpool-2/,4,,"cineplex, marine drive",2018-05-17
2018-05-19,RBG,2018,https://letterboxd.com/cindyshi/film/rbg/,5,,"cineplex, fifth ave",2018-05-18
2018-05-20,My Life as a Zucchini,2016,https://letterboxd.com/cindyshi/film/my-life-as-a-zucchini/,4,,"viff, vancity",2018-05-19
2018-05-20,Disobedience,2017,https://letterboxd.com/cindyshi/film/disobedience-2017/,2.5,,"cineplex, international village",2018-05-19
2018-05-21,Little Miss Sunshine,2006,https://letterboxd.com/cindyshi/film/little-miss-sunshine/,3,,"rent, youtube",2018-05-20
2018-05-23,Book Club,2018,https://letterboxd.com/cindyshi/film/book-club-2018/,3.5,,"cineplex, fifth ave",2018-05-22
2018-05-24,A Bigger Splash,2015,https://letterboxd.com/cindyshi/film/a-bigger-splash-2015/,4.5,,netflix,2018-05-23
2018-05-25,American Animals,2018,https://letterboxd.com/cindyshi/film/american-animals/,3.5,,"viff, vancity, rupture",2018-05-24
2018-05-26,Ocean's Eleven,2001,https://letterboxd.com/cindyshi/film/oceans-eleven-2001/,4,,,2018-05-25
2018-05-27,Boyhood,2014,https://letterboxd.com/cindyshi/film/boyhood/1/,5,Yes,"itunes, rent",2018-05-26
2018-05-27,Hereditary,2018,https://letterboxd.com/cindyshi/film/hereditary/,3.5,,"viff, vancity, rupture",2018-05-26
2018-05-28,Damsel,2018,https://letterboxd.com/cindyshi/film/damsel-2018/,2.5,,"viff, vancity, rupture",2018-05-27
2018-05-30,Solo: A Star Wars Story,2018,https://letterboxd.com/cindyshi/film/solo-a-star-wars-story/,3,,"3d, cineplex, scotiabank",2018-05-29
2018-05-31,Mistress America,2015,https://letterboxd.com/cindyshi/film/mistress-america/1/,4.5,Yes,netflix,2018-05-30
2018-06-01,Orlando,1992,https://letterboxd.com/cindyshi/film/orlando/,4,,"viff, vancity",2018-05-31
2018-06-02,First Reformed,2017,https://letterboxd.com/cindyshi/film/first-reformed/,4,,"cineplex, fifth ave",2018-06-01
2018-06-03,Toni Erdmann,2016,https://letterboxd.com/cindyshi/film/toni-erdmann/,5,,netflix,2018-06-02
2018-06-03,Belgica,2016,https://letterboxd.com/cindyshi/film/belgica/,3.5,,netflix,2018-06-02
2018-06-04,Let the Sunshine In,2017,https://letterboxd.com/cindyshi/film/let-the-sunshine-in/,3,,"cineplex, international village",2018-06-03
2018-06-06,On Chesil Beach,2017,https://letterboxd.com/cindyshi/film/on-chesil-beach/,3.5,,"cineplex, fifth ave",2018-06-05
2018-06-08,The Incredibles,2004,https://letterboxd.com/cindyshi/film/the-incredibles/,4,,,2018-06-07
2018-06-09,Zama,2017,https://letterboxd.com/cindyshi/film/zama/,4,,cinematheque,2018-06-08
2018-06-10,Burning,2018,https://letterboxd.com/cindyshi/film/burning-2018/,4.5,,,2018-06-09
2018-06-10,Ocean's Eight,2018,https://letterboxd.com/cindyshi/film/oceans-eight/,4,,"cineplex, scotiabank",2018-06-09
2018-06-13,Vertigo,1958,https://letterboxd.com/cindyshi/film/vertigo/,5,,rio,2018-06-12
2018-06-14,Rebecca,1940,https://letterboxd.com/cindyshi/film/rebecca/,5,,,2018-06-13
2018-06-15,Bao,2018,https://letterboxd.com/cindyshi/film/bao-2018/,,,"cineplex, marine drive",2018-06-14
2018-06-15,Incredibles 2,2018,https://letterboxd.com/cindyshi/film/incredibles-2/,4,,"cineplex, marine drive",2018-06-14
2018-06-16,Certified Copy,2010,https://letterboxd.com/cindyshi/film/certified-copy/,2.5,,mubi,2018-06-15
2018-06-17,8½,1963,https://letterboxd.com/cindyshi/film/8-half/,4,,rio,2018-06-15
2018-06-17,Fast Film,2003,https://letterboxd.com/cindyshi/film/fast-film/,3,,mubi,2018-06-16
2018-06-18,North by Northwest,1959,https://letterboxd.com/cindyshi/film/north-by-northwest/,3.5,,,2018-06-17
2018-06-19,Daguerréotypes,1976,https://letterboxd.com/cindyshi/film/daguerreotypes/,4,,mubi,2018-06-18
2018-06-20,Cinema Paradiso,1988,https://letterboxd.com/cindyshi/film/cinema-paradiso/,4.5,,rio,2018-06-19
2018-06-21,Beast,2017,https://letterboxd.com/cindyshi/film/beast-2017/,2.5,,"cineplex, international village",2018-06-20
2018-06-22,Won't You Be My Neighbor?,2018,https://letterboxd.com/cindyshi/film/wont-you-be-my-neighbor/,3,,"cineplex, fifth ave",2018-06-21
2018-06-23,Jurassic World: Fallen Kingdom,2018,https://letterboxd.com/cindyshi/film/jurassic-world-fallen-kingdom/,3,,"3d, cineplex, marine drive",2018-06-22
2018-06-24,Cléo from 5 to 7,1962,https://letterboxd.com/cindyshi/film/cleo-from-5-to-7/,5,,mubi,2018-06-22
2018-06-24,Fish Tank,2009,https://letterboxd.com/cindyshi/film/fish-tank/,4,,mubi,2018-06-23
2018-06-24,Winter's Bone,2010,https://letterboxd.com/cindyshi/film/winters-bone/,3.5,,netflix,2018-06-23
2018-06-25,Eat Drink Man Woman,1994,https://letterboxd.com/cindyshi/film/eat-drink-man-woman/,5,Yes,,2018-06-24
2018-06-25,Jacquot de Nantes,1991,https://letterboxd.com/cindyshi/film/jacquot-de-nantes/,4.5,,mubi,2018-06-24
2018-06-25,Offside,2006,https://letterboxd.com/cindyshi/film/offside/,4.5,,mubi,2018-06-25
2018-06-26,Room,2015,https://letterboxd.com/cindyshi/film/room-2015/,3,,,2018-06-25
2018-06-27,The Tale,2018,https://letterboxd.com/cindyshi/film/the-tale/,4.5,,,2018-06-26
2018-06-29,Leave No Trace,2018,https://letterboxd.com/cindyshi/film/leave-no-trace/,4,,"viff, international village",2018-06-27
2018-06-29,Summer Interlude,1951,https://letterboxd.com/cindyshi/film/summer-interlude/,3.5,,cinematheque,2018-06-28
2018-06-29,The Band's Visit,2007,https://letterboxd.com/cindyshi/film/the-bands-visit/,4.5,,mubi,2018-06-29
2018-07-01,Hot Summer Nights,2017,https://letterboxd.com/cindyshi/film/hot-summer-nights/,2.5,,,2018-06-30
2018-07-02,The Umbrellas of Cherbourg,1964,https://letterboxd.com/cindyshi/film/the-umbrellas-of-cherbourg/,5,,"itunes, rent",2018-07-01
2018-07-02,Set It Up,2018,https://letterboxd.com/cindyshi/film/set-it-up/,3.5,,netflix,2018-07-01
2018-07-02,Mamma Mia!,2008,https://letterboxd.com/cindyshi/film/mamma-mia/,3,,amazon prime,2018-07-01
2018-07-03,Breathless,1960,https://letterboxd.com/cindyshi/film/breathless/,2,,,2018-07-02
2018-07-03,Mary Shelley,2017,https://letterboxd.com/cindyshi/film/mary-shelley/,1,,,2018-07-02
2018-07-05,Jaws,1975,https://letterboxd.com/cindyshi/film/jaws/,5,,rio,2018-07-04
2018-07-07,Persona,1966,https://letterboxd.com/cindyshi/film/persona/,4.5,,cinematheque,2018-07-06
2018-07-07,Sorry to Bother You,2018,https://letterboxd.com/cindyshi/film/sorry-to-bother-you/,4,,"viff, vancity",2018-07-06
2018-07-09,Stalker,1979,https://letterboxd.com/cindyshi/film/stalker/,3,,rio,2018-07-08
2018-07-10,"Spring, Summer, Fall, Winter... and Spring",2003,https://letterboxd.com/cindyshi/film/spring-summer-fall-winter-and-spring/,3.5,,mubi,2018-07-09
2018-07-11,The Birds,1963,https://letterboxd.com/cindyshi/film/the-birds/,4,,rio,2018-07-10
2018-07-14,Crazy Rich Asians,2018,https://letterboxd.com/cindyshi/film/crazy-rich-asians/,4,,"viff, marine drive",2018-07-11
2018-07-13,Emergency Kisses,1989,https://letterboxd.com/cindyshi/film/emergency-kisses/,3.5,,"cinematheque, 35mm",2018-07-12
2018-07-15,Gaga: Five Foot Two,2017,https://letterboxd.com/cindyshi/film/gaga-five-foot-two/,3.5,,netflix,2018-07-14
2018-07-16,2001: A Space Odyssey,1968,https://letterboxd.com/cindyshi/film/2001-a-space-odyssey/,5,,"park, 70mm, cineplex",2018-07-15
2018-07-16,Swiss Army Man,2016,https://letterboxd.com/cindyshi/film/swiss-army-man/,3.5,,netflix,2018-07-15
2018-07-19,Dr. Strangelove or: How I Learned to Stop Worrying and Love the Bomb,1964,https://letterboxd.com/cindyshi/film/dr-strangelove-or-how-i-learned-to-stop-worrying-and-love-the-bomb/,5,,rio,2018-07-18
2018-07-20,Puzzle,2018,https://letterboxd.com/cindyshi/film/puzzle-2018/,3,,"viff, vancity",2018-07-19
2018-07-20,Curse of the Golden Flower,2006,https://letterboxd.com/cindyshi/film/curse-of-the-golden-flower/,2.5,Yes,mubi,2018-07-19
2018-07-21,The Inner Scar,1972,https://letterboxd.com/cindyshi/film/the-inner-scar/,1,,"cinematheque, 35mm",2018-07-20
2018-07-21,The Virgin's Bed,1969,https://letterboxd.com/cindyshi/film/the-virgins-bed/,0.5,,"cinematheque, 35mm",2018-07-20
2018-07-22,Whitney,2018,https://letterboxd.com/cindyshi/film/whitney/,1,,"cineplex, international village",2018-07-21
2018-07-22,Mamma Mia! Here We Go Again,2018,https://letterboxd.com/cindyshi/film/mamma-mia-here-we-go-again/,4,,"cineplex, international village",2018-07-21
2018-07-24,Mission: Impossible,1996,https://letterboxd.com/cindyshi/film/mission-impossible/,2.5,,,2018-07-22
2018-07-24,"Don't Worry, He Won't Get Far on Foot",2018,https://letterboxd.com/cindyshi/film/dont-worry-he-wont-get-far-on-foot/,2.5,,"cineplex, fifth ave",2018-07-23
2018-07-25,Three Identical Strangers,2018,https://letterboxd.com/cindyshi/film/three-identical-strangers/,3.5,,"cineplex, fifth ave",2018-07-24
2018-07-27,Mission: Impossible - Fallout,2018,https://letterboxd.com/cindyshi/film/mission-impossible-fallout/,4,,"3d, cineplex, marine drive",2018-07-26
2018-07-28,Eighth Grade,2018,https://letterboxd.com/cindyshi/film/eighth-grade/,4.5,,"cineplex, fifth ave",2018-07-27
2018-07-29,The Last Emperor,1987,https://letterboxd.com/cindyshi/film/the-last-emperor/,5,,,2018-07-28
2018-07-30,Ryuichi Sakamoto: Coda,2017,https://letterboxd.com/cindyshi/film/ryuichi-sakamoto-coda/,4,,"viff, vancity",2018-07-29
2018-07-30,Caravaggio,1986,https://letterboxd.com/cindyshi/film/caravaggio/,3,,mubi,2018-07-29
2018-07-31,Angels Wear White,2017,https://letterboxd.com/cindyshi/film/angels-wear-white/,3,,"viff, vancity",2018-07-30
2018-08-01,Ratatouille,2007,https://letterboxd.com/cindyshi/film/ratatouille/,5,Yes,,2018-07-31
2018-08-03,The Third Murder,2017,https://letterboxd.com/cindyshi/film/the-third-murder/,4.5,,"viff, vancity",2018-08-02
2018-08-04,After the Storm,2016,https://letterboxd.com/cindyshi/film/after-the-storm-2016/,4,,kanopy,2018-08-03
2018-08-05,Tully,2018,https://letterboxd.com/cindyshi/film/tully-2018/1/,4.5,Yes,"cineplex, fifth ave",2018-08-04
2018-08-06,Leto,2018,https://letterboxd.com/cindyshi/film/leto/,2.5,,,2018-08-05
2018-08-06,Toni Erdmann,2016,https://letterboxd.com/cindyshi/film/toni-erdmann/1/,5,Yes,,2018-08-05
2018-08-09,McQueen,2018,https://letterboxd.com/cindyshi/film/mcqueen-2018/,4,,"viff, vancity",2018-08-08
2018-08-09,The Big Sick,2017,https://letterboxd.com/cindyshi/film/the-big-sick/1/,4.5,Yes,,2018-08-09
2018-08-11,1985,2018,https://letterboxd.com/cindyshi/film/1985-2018/,4,,"vqff18, sfu, q&a",2018-08-10
2018-08-13,Summer 1993,2017,https://letterboxd.com/cindyshi/film/summer-1993/,5,,"viff, vancity",2018-08-12
2018-08-15,"Paris, Texas",1984,https://letterboxd.com/cindyshi/film/paris-texas/,4.5,,rio,2018-08-14
2018-08-16,Mommy,2014,https://letterboxd.com/cindyshi/film/mommy-2014/,3.5,,,2018-08-15
2018-08-17,Do the Right Thing,1989,https://letterboxd.com/cindyshi/film/do-the-right-thing/,5,,netflix,2018-08-16
2018-08-18,My Generation,2017,https://letterboxd.com/cindyshi/film/my-generation-2017/,3,,"viff, vancity",2018-08-17
2018-08-18,To All the Boys I've Loved Before,2018,https://letterboxd.com/cindyshi/film/to-all-the-boys-ive-loved-before/,3,,netflix,2018-08-17
2018-08-19,Blindspotting,2018,https://letterboxd.com/cindyshi/film/blindspotting/,2.5,,rio,2018-08-18
2018-08-19,Amour,2012,https://letterboxd.com/cindyshi/film/amour/,5,,,2018-08-18
2018-08-20,The Miseducation of Cameron Post,2018,https://letterboxd.com/cindyshi/film/the-miseducation-of-cameron-post/,3.5,,"vqff18, playhouse",2018-08-19
2018-08-21,BlacKkKlansman,2018,https://letterboxd.com/cindyshi/film/blackkklansman/,4,,"cineplex, fifth ave",2018-08-20
2018-08-23,La La Land,2016,https://letterboxd.com/cindyshi/film/la-la-land/,4,Yes,outdoor,2018-08-22
2018-08-24,The Young Girls of Rochefort,1967,https://letterboxd.com/cindyshi/film/the-young-girls-of-rochefort/,5,,kanopy,2018-08-23
2018-08-25,Support the Girls,2018,https://letterboxd.com/cindyshi/film/support-the-girls/,3,,viff,2018-08-24
2018-08-25,Eternal Sunshine of the Spotless Mind,2004,https://letterboxd.com/cindyshi/film/eternal-sunshine-of-the-spotless-mind/,4,,netflix,2018-08-24
2018-08-26,The Passenger,1975,https://letterboxd.com/cindyshi/film/the-passenger/,2.5,,mubi,2018-08-25
2018-08-27,In the Mood for Love,2000,https://letterboxd.com/cindyshi/film/in-the-mood-for-love/,5,,kanopy,2018-08-26
2018-08-30,Father of My Children,2009,https://letterboxd.com/cindyshi/film/father-of-my-children/,3,,mubi,2018-08-29
2018-09-02,Searching,2018,https://letterboxd.com/cindyshi/film/searching-2018/,4.5,,"cineplex, scotiabank",2018-09-01
2018-09-02,Life of Pi,2012,https://letterboxd.com/cindyshi/film/life-of-pi/,5,,"3d, cineplex, international village",2018-09-01
2018-09-03,Pan's Labyrinth,2006,https://letterboxd.com/cindyshi/film/pans-labyrinth/,4.5,,,2018-09-02
2018-09-03,"Juliet, Naked",2018,https://letterboxd.com/cindyshi/film/juliet-naked/,3.5,,"cineplex, fifth ave",2018-09-02
2018-09-03,Beasts of the Southern Wild,2012,https://letterboxd.com/cindyshi/film/beasts-of-the-southern-wild/,4,,"itunes, rent",2018-09-02
2018-09-04,Ratcatcher,1999,https://letterboxd.com/cindyshi/film/ratcatcher/,4,,,2018-09-03
2018-09-04,We the Animals,2018,https://letterboxd.com/cindyshi/film/we-the-animals/,2.5,,"viff, vancity",2018-09-03
2018-09-04,Still Life,2006,https://letterboxd.com/cindyshi/film/still-life/,4,,mubi,2018-09-04
2018-09-05,Gravity,2013,https://letterboxd.com/cindyshi/film/gravity-2013/,5,Yes,"3d, cineplex, international village",2018-09-04
2018-09-07,Goodbye First Love,2011,https://letterboxd.com/cindyshi/film/goodbye-first-love/,1.5,,mubi,2018-09-06
2018-09-11,Minding the Gap,2018,https://letterboxd.com/cindyshi/film/minding-the-gap/,4,,"viff, vancity",2018-09-10
2018-09-15,The Lobster,2015,https://letterboxd.com/cindyshi/film/the-lobster/,3.5,,mubi,2018-09-14
2018-09-16,Autumn Sonata,1978,https://letterboxd.com/cindyshi/film/autumn-sonata/,4.5,,cinematheque,2018-09-15
2018-09-16,Cries and Whispers,1972,https://letterboxd.com/cindyshi/film/cries-and-whispers/,4,,cinematheque,2018-09-15
2018-09-17,Ida,2013,https://letterboxd.com/cindyshi/film/ida/,3.5,,kanopy,2018-09-16
2018-09-19,Mandy,2018,https://letterboxd.com/cindyshi/film/mandy-2018/,2,,"park, cineplex",2018-09-18
2018-09-20,"Crazy, Stupid, Love.",2011,https://letterboxd.com/cindyshi/film/crazy-stupid-love/,4,,,2018-09-19
2018-09-21,White Boy Rick,2018,https://letterboxd.com/cindyshi/film/white-boy-rick-2018/,2,,"cineplex, international village",2018-09-20
2018-09-21,Life Itself,2018,https://letterboxd.com/cindyshi/film/life-itself-2018/,1,,"cineplex, international village",2018-09-20
2018-09-22,The Wife,2017,https://letterboxd.com/cindyshi/film/the-wife-2017/,3,,"fifth ave, cineplex",2018-09-21
2018-09-22,Still Walking,2008,https://letterboxd.com/cindyshi/film/still-walking/,3.5,,,2018-09-21
2018-09-28,People's Republic of Desire,2018,https://letterboxd.com/cindyshi/film/peoples-republic-of-desire/,2.5,,"viff, viff18, cinematheque",2018-09-27
2018-09-28,Woman at War,2018,https://letterboxd.com/cindyshi/film/woman-at-war/,4.5,,"viff18, viff, sfu",2018-09-27
2018-09-29,Asako I & II,2018,https://letterboxd.com/cindyshi/film/asako-i-ii/,2,,"viff, viff18, international village",2018-09-28
2018-09-29,Spice It Up,2018,https://letterboxd.com/cindyshi/film/spice-it-up/,3,,"viff, viff18, q&a, international village",2018-09-28
2018-09-29,Under the Silver Lake,2018,https://letterboxd.com/cindyshi/film/under-the-silver-lake/,4,,"viff, viff18, rio",2018-09-28
2018-10-01,Climax,2018,https://letterboxd.com/cindyshi/film/climax-2018/,4,,"viff, viff18, rio",2018-09-29
2018-10-01,Shoplifters,2018,https://letterboxd.com/cindyshi/film/shoplifters/,5,,"viff, viff18, centre",2018-09-30
2018-10-01,A Land Imagined,2018,https://letterboxd.com/cindyshi/film/a-land-imagined/,2.5,,"viff, viff18, q&a, international village",2018-09-30
2018-10-02,Mangoshake,2018,https://letterboxd.com/cindyshi/film/mangoshake/,4,,"viff, viff18, cinematheque, q&a",2018-10-01
2018-10-03,Lush Reeds,2018,https://letterboxd.com/cindyshi/film/lush-reeds/,3,,"viff, viff18, cinematheque, q&a",2018-10-01
2018-10-03,Cold War,2018,https://letterboxd.com/cindyshi/film/cold-war-2018/,4.5,,"viff, viff18, centre",2018-10-02
2018-10-03,The Favourite,2018,https://letterboxd.com/cindyshi/film/the-favourite/,3.5,,"viff, viff18, centre",2018-10-02
2018-10-04,Ash Is Purest White,2018,https://letterboxd.com/cindyshi/film/ash-is-purest-white/,3,,"viff, viff18, centre",2018-10-03
2018-10-05,Styx,2018,https://letterboxd.com/cindyshi/film/styx-2018/,3,,"viff, viff18, playhouse, q&a",2018-10-04
2018-10-06,Long Day's Journey Into Night,2018,https://letterboxd.com/cindyshi/film/long-days-journey-into-night-2018/,2.5,,"viff, viff18, 3d, international village",2018-10-04
2018-10-06,Capernaum,2018,https://letterboxd.com/cindyshi/film/capernaum/,3.5,,"viff, viff18, sfu",2018-10-05
2018-10-06,Amateurs,2018,https://letterboxd.com/cindyshi/film/amateurs-2018/,4,,"viff, viff18, sfu, q&a",2018-10-05
2018-10-07,Sorry Angel,2018,https://letterboxd.com/cindyshi/film/sorry-angel/,4.5,,"viff, viff18, international village",2018-10-06
2018-10-07,Shadow,2018,https://letterboxd.com/cindyshi/film/shadow-2018/,3.5,,"viff, viff18, centre",2018-10-06
2018-10-07,Boy Erased,2018,https://letterboxd.com/cindyshi/film/boy-erased/,2.5,,"viff, viff18, playhouse, q&a",2018-10-06
2018-10-08,United Skates,2018,https://letterboxd.com/cindyshi/film/united-skates/,4,,"viff, viff18, playhouse, q&a",2018-10-07
2018-10-08,Vox Lux,2018,https://letterboxd.com/cindyshi/film/vox-lux/,2.5,,"viff, viff18, centre",2018-10-07
2018-10-10,Happy as Lazzaro,2018,https://letterboxd.com/cindyshi/film/happy-as-lazzaro/,4,,"viff, viff18, playhouse",2018-10-09
2018-10-11,Sorry Angel,2018,https://letterboxd.com/cindyshi/film/sorry-angel/1/,4.5,Yes,,2018-10-10
2018-10-12,Ben Is Back,2018,https://letterboxd.com/cindyshi/film/ben-is-back/,2.5,,"viff, viff18, centre",2018-10-11
2018-10-13,A Star Is Born,2018,https://letterboxd.com/cindyshi/film/a-star-is-born-2018/,3.5,,"cineplex, scotiabank",2018-10-12
2018-10-13,The Front Runner,2018,https://letterboxd.com/cindyshi/film/the-front-runner/,2.5,,"viff, viff18, centre",2018-10-12
2018-10-13,Destroyer,2018,https://letterboxd.com/cindyshi/film/destroyer-2018/,2,,"viff, viff18, centre",2018-10-12
2018-10-17,First Man,2018,https://letterboxd.com/cindyshi/film/first-man/,4.5,,"cineplex, fifth ave",2018-10-16
2018-10-20,Beautiful Boy,2018,https://letterboxd.com/cindyshi/film/beautiful-boy-2018/,4,,"cineplex, fifth ave",2018-10-19
2018-10-25,Sorry Angel,2018,https://letterboxd.com/cindyshi/film/sorry-angel/2/,4.5,Yes,,2018-10-24
2018-10-25,Skate Kitchen,2018,https://letterboxd.com/cindyshi/film/skate-kitchen/,2,,,2018-10-24
2018-10-26,The Old Man & the Gun,2018,https://letterboxd.com/cindyshi/film/the-old-man-the-gun/,4,,"cineplex, international village",2018-10-25
2018-10-26,The Sisters Brothers,2018,https://letterboxd.com/cindyshi/film/the-sisters-brothers/,2,,"cineplex, international village",2018-10-25
2018-10-27,Suspiria,1977,https://letterboxd.com/cindyshi/film/suspiria/,4,,"cinematheque, 4k",2018-10-26
2018-10-30,Free Solo,2018,https://letterboxd.com/cindyshi/film/free-solo/,4.5,,"cineplex, scotiabank",2018-10-29
2018-10-31,Private Life,2018,https://letterboxd.com/cindyshi/film/private-life-2018/,3.5,,netflix,2018-10-30
2018-11-01,Suspiria,2018,https://letterboxd.com/cindyshi/film/suspiria-2018/,4.5,,rio,2018-10-31
2018-11-03,Mid90s,2018,https://letterboxd.com/cindyshi/film/mid90s/,2.5,,"cineplex, international village",2018-11-02
2018-11-03,Bohemian Rhapsody,2018,https://letterboxd.com/cindyshi/film/bohemian-rhapsody/,3,,"cineplex, scotiabank",2018-11-02
2018-11-03,Can You Ever Forgive Me?,2018,https://letterboxd.com/cindyshi/film/can-you-ever-forgive-me/,4,,"cineplex, fifth ave",2018-11-02
2018-11-03,The Dawn Wall,2017,https://letterboxd.com/cindyshi/film/the-dawn-wall/,4,,"park, cineplex",2018-11-02
2018-11-05,They'll Love Me When I'm Dead,2018,https://letterboxd.com/cindyshi/film/theyll-love-me-when-im-dead/,4,,netflix,2018-11-04
2018-11-06,Meru,2015,https://letterboxd.com/cindyshi/film/meru/,3.5,,,2018-11-05
2018-11-07,This Mountain Life,2018,https://letterboxd.com/cindyshi/film/this-mountain-life/,2,,"viff, vancity",2018-11-06
2018-11-08,Free Solo,2018,https://letterboxd.com/cindyshi/film/free-solo/1/,4.5,Yes,"cineplex, scotiabank",2018-11-06
2018-11-10,Madeline's Madeline,2018,https://letterboxd.com/cindyshi/film/madelines-madeline/,4.5,,"viff, vancity",2018-11-09
2018-11-10,RBG,2018,https://letterboxd.com/cindyshi/film/rbg/1/,4.5,Yes,,2018-11-09
2018-11-11,Secret Sunshine,2007,https://letterboxd.com/cindyshi/film/secret-sunshine/,3,,,2018-11-10
2018-11-14,"Like Father, Like Son",2013,https://letterboxd.com/cindyshi/film/like-father-like-son-2013/,4.5,,mubi,2018-11-13
2018-11-17,The Matrix,1999,https://letterboxd.com/cindyshi/film/the-matrix/,5,,netflix,2018-11-16
2018-11-25,I Am Not Your Negro,2016,https://letterboxd.com/cindyshi/film/i-am-not-your-negro/,4.5,,kanopy,2018-11-23
2018-11-26,Widows,2018,https://letterboxd.com/cindyshi/film/widows-2018/,3.5,,"cineplex, international village",2018-11-25
2018-11-26,Transit,2018,https://letterboxd.com/cindyshi/film/transit-2018/,4,,"viff, vancity",2018-11-25
2018-11-27,One Cut of the Dead,2017,https://letterboxd.com/cindyshi/film/one-cut-of-the-dead/,3.5,,rio,2018-11-25
2018-11-27,Children of Men,2006,https://letterboxd.com/cindyshi/film/children-of-men/,4,,netflix,2018-11-26
2018-11-29,Green Book,2018,https://letterboxd.com/cindyshi/film/green-book/,2.5,,"cineplex, fifth ave",2018-11-28
2018-11-30,If Beale Street Could Talk,2018,https://letterboxd.com/cindyshi/film/if-beale-street-could-talk/,4.5,,wff18,2018-11-29
2018-12-01,Guarda in alto,2017,https://letterboxd.com/cindyshi/film/guarda-in-alto/,3,,,2018-11-30
2018-12-02,On the Basis of Sex,2018,https://letterboxd.com/cindyshi/film/on-the-basis-of-sex/,3.5,,wff18,2018-11-30
2018-12-02,The Dancing Dogs of Dombrova,,https://letterboxd.com/cindyshi/film/the-dancing-dogs-of-dombrova/,2,,"wff18, q&a",2018-12-01
2018-12-02,Family First,2018,https://letterboxd.com/cindyshi/film/family-first/,1.5,,"wff18, q&a",2018-12-01
2018-12-02,The Conformist,1970,https://letterboxd.com/cindyshi/film/the-conformist/,4.5,,,2018-12-01
2018-12-03,Roma,2018,https://letterboxd.com/cindyshi/film/roma-2018/,4.5,,wff18,2018-12-02
2018-12-04,Once Upon a Time in America,1984,https://letterboxd.com/cindyshi/film/once-upon-a-time-in-america/,5,,,2018-12-02
2018-12-05,Coldplay: A Head Full of Dreams,2018,https://letterboxd.com/cindyshi/film/coldplay-a-head-full-of-dreams/,3.5,,,2018-12-04
2018-12-08,The Ballad of Buster Scruggs,2018,https://letterboxd.com/cindyshi/film/the-ballad-of-buster-scruggs/,4.5,,netflix,2018-12-07
2018-12-10,Burnt,2015,https://letterboxd.com/cindyshi/film/burnt/,0.5,,netflix,2018-12-09
2018-12-12,A Little Princess,1995,https://letterboxd.com/cindyshi/film/a-little-princess-1995/,4,,,2018-12-11
2018-12-14,Roma,2018,https://letterboxd.com/cindyshi/film/roma-2018/1/,5,Yes,"viff, vancity",2018-12-13
2018-12-15,Y Tu Mamá También,2001,https://letterboxd.com/cindyshi/film/y-tu-mama-tambien/,5,,,2018-12-13
2018-12-15,Only with Your Partner,1991,https://letterboxd.com/cindyshi/film/only-with-your-partner/,4.5,,netflix,2018-12-14
2018-12-19,Shoplifters,2018,https://letterboxd.com/cindyshi/film/shoplifters/1/,5,Yes,flight,2018-12-19
2018-12-19,Hearts Beat Loud,2018,https://letterboxd.com/cindyshi/film/hearts-beat-loud/,4,,flight,2018-12-19
2018-12-19,Christopher Robin,2018,https://letterboxd.com/cindyshi/film/christopher-robin/,3,,flight,2018-12-19
2018-12-20,Roma,2018,https://letterboxd.com/cindyshi/film/roma-2018/2/,5,Yes,PalaceIFC,2018-12-19
2019-01-01,"Hail, Caesar!",2016,https://letterboxd.com/cindyshi/film/hail-caesar-2016/,4.5,,flight,2018-12-31
2019-01-02,Frances Ha,2012,https://letterboxd.com/cindyshi/film/frances-ha/1/,5,Yes,netflix,2019-01-01
2019-01-03,Paterson,2016,https://letterboxd.com/cindyshi/film/paterson/,4,,amazon prime,2019-01-02
2019-01-03,Mary Poppins Returns,2018,https://letterboxd.com/cindyshi/film/mary-poppins-returns/,3.5,,"cineplex, scotiabank",2019-01-02
2019-01-03,Spider-Man: Into the Spider-Verse,2018,https://letterboxd.com/cindyshi/film/spider-man-into-the-spider-verse/,5,,"3d, cineplex, scotiabank",2019-01-02
2019-01-03,Vice,2018,https://letterboxd.com/cindyshi/film/vice-2018/,2.5,,"cineplex, fifth ave",2019-01-02
2019-01-04,Ralph Breaks the Internet,2018,https://letterboxd.com/cindyshi/film/ralph-breaks-the-internet/,2.5,,"cineplex, international village, 3d",2019-01-03
2019-01-05,The Man Who Bought The Moon,2018,https://letterboxd.com/cindyshi/film/the-man-who-bought-the-moon/,4,,"iff19, viff, vancity",2019-01-04
2019-01-06,Once Upon a Time in America,1984,https://letterboxd.com/cindyshi/film/once-upon-a-time-in-america/1/,5,Yes,"viff, iff19, vancity",2019-01-05
2019-01-07,Silence,2016,https://letterboxd.com/cindyshi/film/silence/,3,,netflix,2019-01-06
2019-01-08,Mary Queen of Scots,2018,https://letterboxd.com/cindyshi/film/mary-queen-of-scots-2018/,2,,"cineplex, fifth ave, 52filmsbywomen2019",2019-01-07
2019-01-09,Spider-Man: Into the Spider-Verse,2018,https://letterboxd.com/cindyshi/film/spider-man-into-the-spider-verse/1/,5,Yes,"3d, cineplex, scotiabank",2019-01-08
2019-01-11,Clueless,1995,https://letterboxd.com/cindyshi/film/clueless/,4,,"netflix, 52filmsbywomen2019",2019-01-10
2019-01-13,The Director and the Jedi,2018,https://letterboxd.com/cindyshi/film/the-director-and-the-jedi/,3.5,,,2019-01-12
2019-01-14,While We're Young,2014,https://letterboxd.com/cindyshi/film/while-were-young/,3.5,,"youtube, rent",2019-01-13
2019-01-14,The Meyerowitz Stories (New and Selected),2017,https://letterboxd.com/cindyshi/film/the-meyerowitz-stories-new-and-selected/,3,,netflix,2019-01-13
2019-01-14,Star Wars: The Last Jedi,2017,https://letterboxd.com/cindyshi/film/star-wars-the-last-jedi/1/,4,Yes,netflix,2019-01-14
2019-01-15,What If,2013,https://letterboxd.com/cindyshi/film/what-if-2013/,3.5,,netflix,2019-01-14
2019-01-19,Star Wars: The Force Awakens,2015,https://letterboxd.com/cindyshi/film/star-wars-the-force-awakens/,3.5,Yes,,2019-01-18
2019-01-19,To Rome with Love,2012,https://letterboxd.com/cindyshi/film/to-rome-with-love/,1,,mubi,2019-01-18
2019-01-24,A Bread Factory Part One: For the Sake of Gold,2018,https://letterboxd.com/cindyshi/film/a-bread-factory-part-one-for-the-sake-of-gold/,4,,"viff, vancity",2019-01-23
2019-01-24,A Bread Factory Part Two: Walk with Me a While,2018,https://letterboxd.com/cindyshi/film/a-bread-factory-part-two-walk-with-me-a-while/,4,,"viff, vancity",2019-01-23
2019-01-24,BlacKkKlansman,2018,https://letterboxd.com/cindyshi/film/blackkklansman/1/,4,Yes,bhm,2019-01-23
2019-01-26,Mur Murs,1981,https://letterboxd.com/cindyshi/film/mur-murs/,4.5,,"mubi, 52filmsbywomen2019",2019-01-25
2019-01-30,The Hours,2002,https://letterboxd.com/cindyshi/film/the-hours/,5,,"viff, 35mm, vancity, Cinema Salon",2019-01-29
2019-02-01,Ex Machina,2014,https://letterboxd.com/cindyshi/film/ex-machina-2014/,1.5,,netflix,2019-01-31
2019-02-04,The Man Who Killed Don Quixote,2018,https://letterboxd.com/cindyshi/film/the-man-who-killed-don-quixote/,4,,,2019-02-03
2019-02-05,"Hale County This Morning, This Evening",2018,https://letterboxd.com/cindyshi/film/hale-county-this-morning-this-evening/,3.5,,"bhm, viff, vancity",2019-02-04
2019-02-16,Mountains May Depart,2015,https://letterboxd.com/cindyshi/film/mountains-may-depart/,2.5,,kanopy,2019-02-15
2019-02-17,Pickpocket,1997,https://letterboxd.com/cindyshi/film/pickpocket-1997/,4,,,2019-02-16
2019-02-19,Platform,2000,https://letterboxd.com/cindyshi/film/platform/,3.5,,,2019-02-18
2019-02-21,Logan Lucky,2017,https://letterboxd.com/cindyshi/film/logan-lucky/,4,,"youtube, rent",2019-02-20
2019-02-21,The World,2004,https://letterboxd.com/cindyshi/film/the-world/,3.5,,,2019-02-20
2019-02-22,A Touch of Sin,2013,https://letterboxd.com/cindyshi/film/a-touch-of-sin/,4,,kanopy,2019-02-21
2019-02-24,Ash Is Purest White,2018,https://letterboxd.com/cindyshi/film/ash-is-purest-white/1/,3.5,Yes,,2019-02-23
2019-02-24,Still Life,2006,https://letterboxd.com/cindyshi/film/still-life/1/,4,Yes,,2019-02-23
2019-03-02,The Image Book,2018,https://letterboxd.com/cindyshi/film/the-image-book/,,,"viff, vancity",2019-03-01
2019-03-03,Leap Year,2010,https://letterboxd.com/cindyshi/film/leap-year/,2.5,,netflix,2019-03-02
2019-03-08,24 City,2008,https://letterboxd.com/cindyshi/film/24-city/,3,,mubi,2019-03-07
2019-03-10,Wanda,1970,https://letterboxd.com/cindyshi/film/wanda/,4.5,,"criterion channel, 52filmsbywomen2019",2019-03-09
2019-03-10,The Frontier Experience,1975,https://letterboxd.com/cindyshi/film/the-frontier-experience/,,,criterion channel,2019-03-09
2019-03-10,Hungry Hearts,2014,https://letterboxd.com/cindyshi/film/hungry-hearts-2014/,4,,itunes,2019-03-10
2019-03-13,Captain Marvel,2019,https://letterboxd.com/cindyshi/film/captain-marvel/,3.5,,"3d, cineplex, fifth ave, 52filmsbywomen2019",2019-03-12
2019-03-13,How to Train Your Dragon: The Hidden World,2019,https://letterboxd.com/cindyshi/film/how-to-train-your-dragon-the-hidden-world/,4,,"3d, cineplex, international village",2019-03-12
2019-03-13,Never Look Away,2018,https://letterboxd.com/cindyshi/film/never-look-away/,5,,"cineplex, International village",2019-03-12
2019-03-14,Salut les Cubains,1963,https://letterboxd.com/cindyshi/film/salut-les-cubains/,4,,mubi,2019-03-13
2019-03-16,The 400 Blows,1959,https://letterboxd.com/cindyshi/film/the-400-blows/,5,,cinematheque,2019-03-15
2019-03-16,Jules and Jim,1962,https://letterboxd.com/cindyshi/film/jules-and-jim/,3.5,,cinematheque,2019-03-15
2019-03-18,For All Mankind,1989,https://letterboxd.com/cindyshi/film/for-all-mankind/,4,,criterion channel,2019-03-17
2019-03-19,Gloria Bell,2018,https://letterboxd.com/cindyshi/film/gloria-bell/,4,,"cineplex, fifth ave",2019-03-18
2019-03-21,The Silent Revolution,2018,https://letterboxd.com/cindyshi/film/the-silent-revolution-2018/,4,,"viff, vancity",2019-03-20
2019-03-21,Apollo 11,2019,https://letterboxd.com/cindyshi/film/apollo-11-2019/,2.5,,"cineplex, international village",2019-03-20
2019-03-21,Gloria,2013,https://letterboxd.com/cindyshi/film/gloria-2013/,3,,itunes,2019-03-21
2019-03-23,Take Out,2004,https://letterboxd.com/cindyshi/film/take-out-2004/,,,,2019-03-22
2019-03-25,Unknown Pleasures,2002,https://letterboxd.com/cindyshi/film/unknown-pleasures/,2,,"viff, 35mm, vancity",2019-03-23
2019-03-25,The Piano,1993,https://letterboxd.com/cindyshi/film/the-piano/,4,,"rio, 52filmsbywomen2019",2019-03-24
2019-03-25,Island of the Hungry Ghosts,2018,https://letterboxd.com/cindyshi/film/island-of-the-hungry-ghosts/,,,"rio, q&a, 52filmsbywomen2019",2019-03-24
2019-03-27,Us,2019,https://letterboxd.com/cindyshi/film/us-2019/,4,,"cineplex, scotiabank",2019-03-26
2019-03-29,Happy Birthday to John,1997,https://letterboxd.com/cindyshi/film/happy-birthday-to-john/,,,mubi,2019-03-28
2019-03-30,Kung-Fu Master!,1988,https://letterboxd.com/cindyshi/film/kung-fu-master/,4,,"kanopy, 52filmsbywomen2019",2019-03-29
2019-03-31,The Goddess of Spring,1934,https://letterboxd.com/cindyshi/film/the-goddess-of-spring/,,,"24hrmm2019, cinematheque",2019-03-30
2019-03-31,Divorce Italian Style,1961,https://letterboxd.com/cindyshi/film/divorce-italian-style/,,,"24hrmm2019, cinematheque",2019-03-30
2019-03-31,Hands on a Hard Body: The Documentary,1997,https://letterboxd.com/cindyshi/film/hands-on-a-hard-body-the-documentary/,,,"24hrmm2019, cinematheque",2019-03-30
2019-03-31,The Happiness of the Katakuris,2001,https://letterboxd.com/cindyshi/film/the-happiness-of-the-katakuris/,,,"24hrmm2019, cinematheque",2019-03-30
2019-03-31,Beau Travail,1999,https://letterboxd.com/cindyshi/film/beau-travail/,,,"24hrmm2019, cinematheque, 52filmsbywomen2019",2019-03-30
2019-03-31,Far from Heaven,2002,https://letterboxd.com/cindyshi/film/far-from-heaven/,,,"24hrmm2019, cinematheque",2019-03-30
2019-03-31,The Trouble with Harry,1955,https://letterboxd.com/cindyshi/film/the-trouble-with-harry/,,,"24hrmm2019, cinematheque",2019-03-30
2019-03-31,The Ice Storm,1997,https://letterboxd.com/cindyshi/film/the-ice-storm/,,,"24hrmm2019, cinematheque",2019-03-30
2019-03-31,Ballast,2008,https://letterboxd.com/cindyshi/film/ballast/,,,"24hrmm2019, cinematheque",2019-03-31
2019-03-31,The Brood,1979,https://letterboxd.com/cindyshi/film/the-brood/,,,"24hrmm2019, cinematheque",2019-03-31
2019-04-01,Certain Women,2016,https://letterboxd.com/cindyshi/film/certain-women/,,,"24hrmm2019, cinematheque, 52filmsbywomen2019",2019-03-31
2019-04-01,Life of Brian,1979,https://letterboxd.com/cindyshi/film/life-of-brian/,,,"24hrmm2019, cinematheque",2019-03-31
2019-04-01,Bambi,1942,https://letterboxd.com/cindyshi/film/bambi/,,,"24hrmm2019, cinematheque",2019-03-31
2019-04-01,Late Spring,1949,https://letterboxd.com/cindyshi/film/late-spring/,,,"24hrmm2019, cinematheque",2019-03-31
2019-04-05,Travel Songs,1981,https://letterboxd.com/cindyshi/film/travel-songs/,,,mubi,2019-04-04
2019-04-07,Shazam!,2019,https://letterboxd.com/cindyshi/film/shazam/,2.5,,"park royal, cineplex, 3d",2019-04-06
2019-04-08,The Guernsey Literary & Potato Peel Pie Society,2018,https://letterboxd.com/cindyshi/film/the-guernsey-literary-potato-peel-pie-society/,2,,netflix,2019-04-07
2019-04-09,The Last Metro,1980,https://letterboxd.com/cindyshi/film/the-last-metro/,4.5,,"mubi, criterion channel, commentary",2019-04-08
2019-04-09,The Soft Skin,1964,https://letterboxd.com/cindyshi/film/the-soft-skin/,3.5,,"mubi, criterion channel, commentary",2019-04-08
2019-04-09,The Young Girls Turn 25,1993,https://letterboxd.com/cindyshi/film/the-young-girls-turn-25/,4.5,,"criterion channel, 52filmsbywomen2019",2019-04-08
2019-04-10,Amadeus,1984,https://letterboxd.com/cindyshi/film/amadeus/,4,,"viff, vancity, Cinema Salon",2019-04-09
2019-04-10,Along the Coast,1958,https://letterboxd.com/cindyshi/film/along-the-coast/,3,,"criterion channel, 52filmsbywomen2019",2019-04-09
2019-04-11,All That Jazz,1979,https://letterboxd.com/cindyshi/film/all-that-jazz/,4.5,,,2019-04-10
2019-04-11,Diary of a Pregnant Woman,1958,https://letterboxd.com/cindyshi/film/diary-of-a-pregnant-woman/,,,"criterion channel, 52filmsbywomen2019",2019-04-10
2019-04-11,Black Panthers,1968,https://letterboxd.com/cindyshi/film/black-panthers/,4,,"criterion channel, 52filmsbywomen2019",2019-04-10
2019-04-12,Antoine and Colette,1962,https://letterboxd.com/cindyshi/film/antoine-and-colette/,4.5,,criterion channel,2019-04-11
2019-04-12,Stolen Kisses,1968,https://letterboxd.com/cindyshi/film/stolen-kisses/,5,,criterion channel,2019-04-11
2019-04-12,A Story of Water,1958,https://letterboxd.com/cindyshi/film/a-story-of-water/,3,,criterion channel,2019-04-11
2019-04-13,Day for Night,1973,https://letterboxd.com/cindyshi/film/day-for-night/,5,,,2019-04-12
2019-04-13,Bed and Board,1970,https://letterboxd.com/cindyshi/film/bed-and-board/,4,,criterion channel,2019-04-12
2019-04-14,Love on the Run,1979,https://letterboxd.com/cindyshi/film/love-on-the-run-1979/,4,,criterion channel,2019-04-13
2019-04-14,Les Mistons,1957,https://letterboxd.com/cindyshi/film/les-mistons/,3,,criterion channel,2019-04-13
2019-04-15,Easter Parade,1948,https://letterboxd.com/cindyshi/film/easter-parade/,4,,"cineplex, international village",2019-04-14
2019-04-15,Singin' in the Rain,1952,https://letterboxd.com/cindyshi/film/singin-in-the-rain/,4.5,,rio,2019-04-14
2019-04-18,The Big Heat,1953,https://letterboxd.com/cindyshi/film/the-big-heat/,3.5,,criterion channel,2019-04-17
2019-04-19,Two English Girls,1971,https://letterboxd.com/cindyshi/film/two-english-girls/,3.5,,criterion channel,2019-04-18
2019-04-20,Masculin Féminin,1966,https://letterboxd.com/cindyshi/film/masculin-feminin/,2.5,,criterion channel,2019-04-19
2019-04-20,High Life,2018,https://letterboxd.com/cindyshi/film/high-life-2018/,3,,"cineplex, scotiabank, 52filmsbywomen2019",2019-04-19
2019-04-20,Police Story,1985,https://letterboxd.com/cindyshi/film/police-story/,5,,cinematheque,2019-04-19
2019-04-20,Vagabond,1985,https://letterboxd.com/cindyshi/film/vagabond/,4.5,,"criterion channel, 52filmsbywomen2019",2019-04-19
2019-04-21,"Vagabond: Remembrances, Interviews, Notes and Comments",2003,https://letterboxd.com/cindyshi/film/vagabond-remembrances-interviews-notes-and-comments/,,,criterion channel,2019-04-20
2019-04-22,Microhabitat,2017,https://letterboxd.com/cindyshi/film/microhabitat/,3,,"mubi, 52filmsbywomen2019",2019-04-20
2019-04-22,The So-Called Caryatids,1984,https://letterboxd.com/cindyshi/film/the-so-called-caryatids/,,,"mubi, 52filmsbywomen2019",2019-04-21
2019-04-25,Uncle Yanco,1967,https://letterboxd.com/cindyshi/film/uncle-yanco/,,,"criterion channel, 52filmsbywomen2019",2019-04-24
2019-04-26,Cléo from 5 to 7: Remembrances and Anecdotes,2005,https://letterboxd.com/cindyshi/film/cleo-from-5-to-7-remembrances-and-anecdotes/,,,criterion channel,2019-04-25
2019-04-26,Avengers: Endgame,2019,https://letterboxd.com/cindyshi/film/avengers-endgame/,4,,"cineplex, fifth ave, 3d",2019-04-25
2019-04-28,They Shall Not Grow Old,2018,https://letterboxd.com/cindyshi/film/they-shall-not-grow-old/,4.5,,rio,2019-04-27
2019-04-28,Museo,2018,https://letterboxd.com/cindyshi/film/museo/,4,,cinematheque,2019-04-27
2019-04-30,Hotel Mumbai,2018,https://letterboxd.com/cindyshi/film/hotel-mumbai/,2,,"park, cineplex",2019-04-29
2019-05-02,BNK48: Girls Don't Cry,2018,https://letterboxd.com/cindyshi/film/bnk48-girls-dont-cry/,2.5,,netflix,2019-05-01
2019-05-02,Her Smell,2018,https://letterboxd.com/cindyshi/film/her-smell/,4,,rio,2019-05-01
2019-05-03,Long Shot,2019,https://letterboxd.com/cindyshi/film/long-shot-2019/,3,,"cineplex, marine drive",2019-05-02
2019-05-03,Drift,2017,https://letterboxd.com/cindyshi/film/drift-2017/,,,"mubi, 52filmsbywomen2019",2019-05-02
2019-05-03,Girlfriends,1978,https://letterboxd.com/cindyshi/film/girlfriends-1978/,4.5,,"criterion channel, 52filmsbywomen2019",2019-05-03
2019-05-04,The Woman Next Door,1981,https://letterboxd.com/cindyshi/film/the-woman-next-door/,4,,mubi,2019-05-03
2019-05-04,Across the Universe,2007,https://letterboxd.com/cindyshi/film/across-the-universe/,2,,"netflix, 52filmsbywomen2019",2019-05-03
2019-05-05,Knock Down the House,2019,https://letterboxd.com/cindyshi/film/knock-down-the-house/,,,"netflix, 52filmsbywomen2019",2019-05-04
2019-10-11,White Snake,2019,https://letterboxd.com/cindyshi/film/white-snake-2019/,,,"viff, viff19, vimeo",2019-05-04
2019-05-07,Lost in Translation,2003,https://letterboxd.com/cindyshi/film/lost-in-translation/,4.5,,"netflix, 52filmsbywomen2019",2019-05-06
2019-05-08,Shadow of a Doubt,1943,https://letterboxd.com/cindyshi/film/shadow-of-a-doubt/,3.5,,"cineplex, international village",2019-05-07
2019-05-08,Thou Wast Mild and Lovely,2014,https://letterboxd.com/cindyshi/film/thou-wast-mild-and-lovely/,,,"mubi, 52filmsbywomen2019",2019-05-07
2019-05-09,Los Reyes,2018,https://letterboxd.com/cindyshi/film/los-reyes/,4,,"doxa19, 52filmsbywomen2019, vancity",2019-05-08
2019-05-09,Instructions on Parting,2018,https://letterboxd.com/cindyshi/film/instructions-on-parting/,3.5,,"doxa19, 52filmsbywomen2019, vancity",2019-05-08
2019-05-10,Perfect Blue,1997,https://letterboxd.com/cindyshi/film/perfect-blue/,5,,rio,2019-05-09
2019-05-10,When Harry Met Sally...,1989,https://letterboxd.com/cindyshi/film/when-harry-met-sally/,5,,,2019-05-09
2019-05-11,Tolkien,2019,https://letterboxd.com/cindyshi/film/tolkien-2019/,3,,"cineplex, park",2019-05-10
2019-05-15,American Factory,2019,https://letterboxd.com/cindyshi/film/american-factory/,4,,"doxa19, cinematheque, 52filmsbywomen2019",2019-05-11
2019-05-13,Me the Terrible,2012,https://letterboxd.com/cindyshi/film/me-the-terrible/,,,"mubi, 52filmsbywomen2019",2019-05-12
2019-05-15,One Child Nation,2019,https://letterboxd.com/cindyshi/film/one-child-nation/,3,,"sfu, doxa19, 52filmsbywomen2019",2019-05-12
2019-05-14,Love Education,2017,https://letterboxd.com/cindyshi/film/love-education-2017/,4.5,,"mubi, 52filmsbywomen2019",2019-05-13
2019-05-17,Pokémon Detective Pikachu,2019,https://letterboxd.com/cindyshi/film/pokemon-detective-pikachu/,4,,"cineplex, scotiabank, 3d",2019-05-14
2019-05-16,Jane B. by Agnès V.,1988,https://letterboxd.com/cindyshi/film/jane-b-by-agnes-v/,4.5,,"mubi, 52filmsbywomen2019",2019-05-15
2019-05-17,An Elephant Sitting Still,2018,https://letterboxd.com/cindyshi/film/an-elephant-sitting-still/,3.5,,"viff, vancity",2019-05-16
2019-05-18,Blade Runner,1982,https://letterboxd.com/cindyshi/film/blade-runner/,4.5,Yes,,2019-05-16
2019-05-18,Blade Runner,1982,https://letterboxd.com/cindyshi/film/blade-runner/1/,4.5,Yes,cdm,2019-05-17
2019-05-18,Black Mother,2018,https://letterboxd.com/cindyshi/film/black-mother/,3.5,,cinematheque,2019-05-17
2019-05-18,Casablanca,1942,https://letterboxd.com/cindyshi/film/casablanca/,4.5,,,2019-05-17
2019-05-19,My Brilliant Career,1979,https://letterboxd.com/cindyshi/film/my-brilliant-career/,5,,"criterion channel, 52filmsbywomen2019",2019-05-18
2019-05-20,The Biggest Little Farm,2018,https://letterboxd.com/cindyshi/film/the-biggest-little-farm/,4,,"cineplex, international village",2019-05-19
2019-05-21,The Gleaners & I,2000,https://letterboxd.com/cindyshi/film/the-gleaners-i/,4,,"mubi, 52filmsbywomen2019",2019-05-20
2019-05-21,Pride & Prejudice,2005,https://letterboxd.com/cindyshi/film/pride-prejudice/,,Yes,,2019-05-20
2019-05-23,Smithereens,1982,https://letterboxd.com/cindyshi/film/smithereens/,4,,"criterion channel, 52filmsbywomen2019",2019-05-21
2019-05-24,Booksmart,2019,https://letterboxd.com/cindyshi/film/booksmart/,4,,"cineplex, scotiabank, 52filmsbywomen2019",2019-05-22
2019-05-25,A New Leaf,1971,https://letterboxd.com/cindyshi/film/a-new-leaf/,4,,"52filmsbywomen2019, rent, youtube",2019-05-23
2019-05-25,Kitty,2016,https://letterboxd.com/cindyshi/film/kitty-2016/,,,"criterion channel, 52filmsbywomen2019",2019-05-24
2019-05-27,Blood Simple,1984,https://letterboxd.com/cindyshi/film/blood-simple/,4.5,,"criterion channel, commentary",2019-05-25
2019-05-27,Opening Night,1977,https://letterboxd.com/cindyshi/film/opening-night/,4,,criterion channel,2019-05-26
2019-05-29,Game of Thrones: The Last Watch,2019,https://letterboxd.com/cindyshi/film/game-of-thrones-the-last-watch/,4,,52filmsbywomen2019,2019-05-27
2019-05-29,Butter Lamp,2013,https://letterboxd.com/cindyshi/film/butter-lamp/,,,criterion channel,2019-05-28
2019-05-31,The Immigrant,1917,https://letterboxd.com/cindyshi/film/the-immigrant/,,,mubi,2019-05-30
2019-05-31,The Elephant Man,1980,https://letterboxd.com/cindyshi/film/the-elephant-man/,4.5,,criterion channel,2019-05-30
2019-06-01,Blinkity Blank,1955,https://letterboxd.com/cindyshi/film/blinkity-blank/,,,cdm,2019-05-31
2019-06-01,Pas de Deux,1968,https://letterboxd.com/cindyshi/film/pas-de-deux/,,,cdm,2019-05-31
2019-06-01,Rocketman,2019,https://letterboxd.com/cindyshi/film/rocketman-2019/,4,,"cineplex, scotiabank",2019-05-31
2019-06-01,"Lust, Caution",2007,https://letterboxd.com/cindyshi/film/lust-caution/,5,,vaff,2019-05-31
2019-06-02,Worlds of Ursula K. Le Guin,2018,https://letterboxd.com/cindyshi/film/worlds-of-ursula-k-le-guin/1/,4,,"vancity, 52filmsbywomen2019, viff",2019-06-01
2019-06-02,The Killing,1956,https://letterboxd.com/cindyshi/film/the-killing/,4.5,,cinematheque,2019-06-01
2019-06-02,High and Low,1963,https://letterboxd.com/cindyshi/film/high-and-low/,3.5,,"cinematheque, 35mm",2019-06-01
2019-06-02,Smithereens,1982,https://letterboxd.com/cindyshi/film/smithereens/1/,4,Yes,"criterion channel, commentary",2019-06-01
2019-06-03,Our Time Machine,2019,https://letterboxd.com/cindyshi/film/our-time-machine/,4,,"viff19, viff, vimeo",2019-06-02
2019-06-03,My Year with Helen,2017,https://letterboxd.com/cindyshi/film/my-year-with-helen/,,,"viff, vancity, q&a",2019-06-02
2019-06-03,The American Friend,1977,https://letterboxd.com/cindyshi/film/the-american-friend/,,,cinematheque,2019-06-02
2019-06-03,Purple Noon,1960,https://letterboxd.com/cindyshi/film/purple-noon/,3.5,,"35mm, cinematheque",2019-06-02
2019-06-04,Nausicaä of the Valley of the Wind,1984,https://letterboxd.com/cindyshi/film/nausicaa-of-the-valley-of-the-wind/,,,"cineplex, international village",2019-06-03
2019-06-05,Permanent Vacation,1980,https://letterboxd.com/cindyshi/film/permanent-vacation/,3,,criterion channel,2019-06-04
2019-06-05,nîpawistamâsowin: We Will Stand Up,2019,https://letterboxd.com/cindyshi/film/nipawistamasowin-we-will-stand-up/,,,"viff, vancity, 52filmsbywomen2019",2019-06-04
2019-06-06,Women Building Peace,2016,https://letterboxd.com/cindyshi/film/women-building-peace/,,,"viff, vancity, 52filmsbywomen2019",2019-06-05
2019-06-06,Night on Earth,1991,https://letterboxd.com/cindyshi/film/night-on-earth/,4.5,,criterion channel,2019-06-05
2019-06-06,Be Natural: The Untold Story of Alice Guy-Blaché,2018,https://letterboxd.com/cindyshi/film/be-natural-the-untold-story-of-alice-guy-blache/,,,"52filmsbywomen2019, viff, vancity",2019-06-05
2019-06-07,Mystery Train,1989,https://letterboxd.com/cindyshi/film/mystery-train/,4,,criterion channel,2019-06-06
2019-06-07,The Dead Don't Die,2019,https://letterboxd.com/cindyshi/film/the-dead-dont-die-2019/,4,,"viff, vancity, rupture",2019-06-06
2019-06-07,Only Lovers Left Alive,2013,https://letterboxd.com/cindyshi/film/only-lovers-left-alive/,4,,"youtube, rent",2019-06-06
2019-06-09,In Fabric,2018,https://letterboxd.com/cindyshi/film/in-fabric/,,,"viff, vancity, rupture",2019-06-08
2019-06-09,Knife+Heart,2018,https://letterboxd.com/cindyshi/film/knife-heart/,,,"viff, vancity, rupture",2019-06-08
2019-06-10,I Can't Sleep,1994,https://letterboxd.com/cindyshi/film/i-cant-sleep/,,,"35mm, 52filmsbywomen2019, cinematheque",2019-06-09
2019-06-11,Wild Nights with Emily,2018,https://letterboxd.com/cindyshi/film/wild-nights-with-emily/,,,"viff, vancity, 52filmsbywomen2019",2019-06-10
2019-06-11,Chocolat,1988,https://letterboxd.com/cindyshi/film/chocolat-1988/,4.5,,"cinematheque, 35mm, 52filmsbywomen2019",2019-06-10
2019-06-23,High and Low,1963,https://letterboxd.com/cindyshi/film/high-and-low/1/,4,Yes,"criterion channel, commentary",2019-06-11
2019-06-13,Edge of Tomorrow,2014,https://letterboxd.com/cindyshi/film/edge-of-tomorrow/,,,"rent, youtube",2019-06-12
2019-06-15,Harry Potter and the Half-Blood Prince,2009,https://letterboxd.com/cindyshi/film/harry-potter-and-the-half-blood-prince/,4,,"orpheum, live score",2019-06-13
2019-06-15,21-87,1963,https://letterboxd.com/cindyshi/film/21-87/,,,cdm,2019-06-14
2019-06-15,The Devil's Toy,1966,https://letterboxd.com/cindyshi/film/the-devils-toy/,,,cdm,2019-06-14
2019-06-15,Dogtooth,2009,https://letterboxd.com/cindyshi/film/dogtooth/,4,,mubi,2019-06-14
2019-06-16,There Are No Fakes,2019,https://letterboxd.com/cindyshi/film/there-are-no-fakes/,,,"viff, vancity, q&a",2019-06-15
2019-06-17,Dante's Inferno,1911,https://letterboxd.com/cindyshi/film/dantes-inferno-1911/,,,"rio, live score",2019-06-16
2019-06-18,Yesterday,2019,https://letterboxd.com/cindyshi/film/yesterday-2019/,2.5,,scotiabank,2019-06-17
2019-06-18,The Beaches of Agnès,2008,https://letterboxd.com/cindyshi/film/the-beaches-of-agnes/,5,,"mubi, 52filmsbywomen2019",2019-06-17
2019-06-19,Homecoming: A Film by Beyoncé,2019,https://letterboxd.com/cindyshi/film/homecoming-a-film-by-beyonce/,,,"netflix, cdm, 52filmsbywomen2019",2019-06-18
2019-06-20,AlphaGo,2017,https://letterboxd.com/cindyshi/film/alphago/,,,netflix,2019-06-19
2019-06-20,Casino Royale,2006,https://letterboxd.com/cindyshi/film/casino-royale-2006/,,,,2019-06-19
2019-06-21,Keep It for Yourself,1991,https://letterboxd.com/cindyshi/film/keep-it-for-yourself/,,,"52filmsbywomen2019, Le Cinéma Club",2019-06-20
2019-06-21,White Material,2009,https://letterboxd.com/cindyshi/film/white-material/,,,"52filmsbywomen2019, 35mm, cinematheque",2019-06-20
2019-06-22,Pulp Fiction,1994,https://letterboxd.com/cindyshi/film/pulp-fiction/,,,netflix,2019-06-20
2019-06-22,Ryan,2004,https://letterboxd.com/cindyshi/film/ryan/,,,cdm,2019-06-21
2019-06-22,The Souvenir,2019,https://letterboxd.com/cindyshi/film/the-souvenir/,,,"cineplex, fifth ave, 52filmsbywomen2019",2019-06-21
2019-06-22,My Name Is Julia Ross,1945,https://letterboxd.com/cindyshi/film/my-name-is-julia-ross/,3,,criterion channel,2019-06-21
2019-06-24,Paths of Glory,1957,https://letterboxd.com/cindyshi/film/paths-of-glory/,4.5,,criterion channel,2019-06-22
2019-06-24,"Oslo, August 31st",2011,https://letterboxd.com/cindyshi/film/oslo-august-31st/,4.5,,mubi,2019-06-23
2019-06-24,Human Desire,1954,https://letterboxd.com/cindyshi/film/human-desire/,3,,criterion channel,2019-06-23
2019-06-24,The Bigamist,1953,https://letterboxd.com/cindyshi/film/the-bigamist/,3.5,,"mubi, 52filmsbywomen2019",2019-06-23
2019-06-24,In a Lonely Place,1950,https://letterboxd.com/cindyshi/film/in-a-lonely-place/,4,,criterion channel,2019-06-23
2019-06-25,Trouble Every Day,2001,https://letterboxd.com/cindyshi/film/trouble-every-day/,4.5,,"cinematheque, 35mm, 52filmsbywomen2019",2019-06-24
2019-06-26,My Josephine,2003,https://letterboxd.com/cindyshi/film/my-josephine/,,,criterion channel,2019-06-25
2019-06-27,Buena Vista Social Club,1999,https://letterboxd.com/cindyshi/film/buena-vista-social-club/,3.5,,criterion channel,2019-06-26
2019-06-27,Hedwig and the Angry Inch,2001,https://letterboxd.com/cindyshi/film/hedwig-and-the-angry-inch/,4.5,,criterion channel,2019-06-26
2019-06-27,Whether You Like It or Not: The Story of Hedwig,2001,https://letterboxd.com/cindyshi/film/whether-you-like-it-or-not-the-story-of-hedwig/,,,"criterion channel, 52filmsbywomen2019",2019-06-26
2019-06-28,Anima,2019,https://letterboxd.com/cindyshi/film/anima-2019/,,,netflix,2019-06-27
2019-06-28,Hedwig and the Angry Inch,2001,https://letterboxd.com/cindyshi/film/hedwig-and-the-angry-inch/1/,4.5,Yes,"criterion channel, commentary",2019-06-27
2019-06-28,In a Better World,2010,https://letterboxd.com/cindyshi/film/in-a-better-world/,2.5,,"criterion channel, 52filmsbywomen2019",2019-06-27
2019-06-29,Rams,2015,https://letterboxd.com/cindyshi/film/rams/,4,,cinematheque,2019-06-28
2019-06-29,Life in a Fishbowl,2014,https://letterboxd.com/cindyshi/film/life-in-a-fishbowl/,2,,cinematheque,2019-06-28
2019-06-29,Ace in the Hole,1951,https://letterboxd.com/cindyshi/film/ace-in-the-hole/,,,criterion channel,2019-06-28
2019-06-30,Mulholland Drive,2001,https://letterboxd.com/cindyshi/film/mulholland-drive/,,,criterion channel,2019-06-29
2019-06-30,Lost Highway,1997,https://letterboxd.com/cindyshi/film/lost-highway/,3,,mubi,2019-06-29
2019-06-30,The Virgin Suicides,1999,https://letterboxd.com/cindyshi/film/the-virgin-suicides/,2.5,,"criterion channel, 52filmsbywomen2019",2019-06-29
2019-06-30,Murder by Contract,1958,https://letterboxd.com/cindyshi/film/murder-by-contract/,3.5,,criterion channel,2019-06-29
2019-07-01,The Girl Who Leapt Through Time,2006,https://letterboxd.com/cindyshi/film/the-girl-who-leapt-through-time/,4,,"viff, vancity",2019-06-30
2019-07-01,Millennium Actress,2001,https://letterboxd.com/cindyshi/film/millennium-actress/,5,,"viff, vancity",2019-06-30
2019-07-02,Shoot the Piano Player,1960,https://letterboxd.com/cindyshi/film/shoot-the-piano-player/,,,"cinematheque, 35mm",2019-07-01
2019-07-03,The Pearl Button,2015,https://letterboxd.com/cindyshi/film/the-pearl-button/,4,,"vancity, viff",2019-07-02
2019-07-03,Shoot the Piano Player,1960,https://letterboxd.com/cindyshi/film/shoot-the-piano-player/1/,,Yes,"criterion channel, commentary",2019-07-02
2019-07-04,Star Wars,1977,https://letterboxd.com/cindyshi/film/star-wars/,,Yes,,2019-07-03
2019-07-05,The Empire Strikes Back,1980,https://letterboxd.com/cindyshi/film/the-empire-strikes-back/,5,Yes,"orpheum, live score",2019-07-04
2019-07-06,Back to the Future,1985,https://letterboxd.com/cindyshi/film/back-to-the-future/,4.5,,"cineplex, international village",2019-07-05
2019-07-06,Because We Are Girls,2019,https://letterboxd.com/cindyshi/film/because-we-are-girls/,4.5,,"viff, vancity, 52filmsbywomen2019, q&a",2019-07-05
2019-07-08,Scenes from a Marriage,1974,https://letterboxd.com/cindyshi/film/scenes-from-a-marriage/,,,criterion channel,2019-07-06
2019-07-11,Midsommar,2019,https://letterboxd.com/cindyshi/film/midsommar/,4,,"cineplex, scotiabank",2019-07-06
2019-07-08,Edge of the Knife,2018,https://letterboxd.com/cindyshi/film/edge-of-the-knife/,,,"mubi, 52filmsbywomen2019",2019-07-07
2019-07-09,Diabolique,1955,https://letterboxd.com/cindyshi/film/diabolique-1955/,4.5,,"cinematheque, 35mm",2019-07-08
2019-07-09,La Libertad,2017,https://letterboxd.com/cindyshi/film/la-libertad-2017/,,,"mubi, 52filmsbywomen2019",2019-07-08
2019-07-11,"The Good, the Bad and the Ugly",1966,https://letterboxd.com/cindyshi/film/the-good-the-bad-and-the-ugly/,,,"viff, vancity",2019-07-09
2019-07-11,Purl,2018,https://letterboxd.com/cindyshi/film/purl/,,,"cdm, 52filmsbywomen2019",2019-07-10
2019-07-11,Sad Hill Unearthed,2017,https://letterboxd.com/cindyshi/film/sad-hill-unearthed/,,,netflix,2019-07-10
2019-07-12,Spider-Man: Far from Home,2019,https://letterboxd.com/cindyshi/film/spider-man-far-from-home/,2.5,,"cineplex, scotiabank",2019-07-11
2019-07-12,Too Late to Die Young,2018,https://letterboxd.com/cindyshi/film/too-late-to-die-young/,3,,"viff, vancity, 52filmsbywomen2019",2019-07-11
2019-07-13,The Last Black Man in San Francisco,2019,https://letterboxd.com/cindyshi/film/the-last-black-man-in-san-francisco/,4,,"cineplex, park",2019-07-12
2019-07-13,Late Night,2019,https://letterboxd.com/cindyshi/film/late-night/,3.5,,"cineplex, international village, 52filmsbywomen2019",2019-07-12
2019-07-13,Raiders of the Lost Ark,1981,https://letterboxd.com/cindyshi/film/raiders-of-the-lost-ark/,4,,rio,2019-07-12
2019-07-15,Maggie's Plan,2015,https://letterboxd.com/cindyshi/film/maggies-plan/,3.5,,"52filmsbywomen2019, rent, youtube",2019-07-14
2019-07-15,Solar Walk,2018,https://letterboxd.com/cindyshi/film/solar-walk/,,,"criterion channel, 52filmsbywomen2019",2019-07-14
2019-10-11,Dwelling in the Fuchun Mountains,2019,https://letterboxd.com/cindyshi/film/dwelling-in-the-fuchun-mountains/,,,"viff, viff19, vimeo",2019-07-14
2019-07-16,The Right Stuff,1983,https://letterboxd.com/cindyshi/film/the-right-stuff/,4.5,,"viff, vancity, Film Studies",2019-07-15
2019-07-17,"Yours Faithfully, Edna Welthorpe (Mrs)",2017,https://letterboxd.com/cindyshi/film/yours-faithfully-edna-welthorpe-mrs/,,,criterion channel,2019-07-16
2019-07-17,Coda,2013,https://letterboxd.com/cindyshi/film/coda-2013/,,,criterion channel,2019-07-16
2019-07-20,Homage to Zgougou the Cat,2002,https://letterboxd.com/cindyshi/film/homage-to-zgougou-the-cat/,,,mubi,2019-07-19
2019-07-21,Naked,1993,https://letterboxd.com/cindyshi/film/naked/,4.5,,criterion channel,2019-07-19
2019-07-21,Inglourious Basterds,2009,https://letterboxd.com/cindyshi/film/inglourious-basterds/,3.5,,netflix,2019-07-20
2019-07-22,The Farewell,2019,https://letterboxd.com/cindyshi/film/the-farewell-2019/,4.5,,"cineplex, fifth ave, 52filmsbywomen2019",2019-07-21
2019-07-22,Django Unchained,2012,https://letterboxd.com/cindyshi/film/django-unchained/,3,,netflix,2019-07-21
2019-07-24,The Art of Self-Defense,2019,https://letterboxd.com/cindyshi/film/the-art-of-self-defense-2019/,4.5,,"cineplex, international village",2019-07-23
2019-07-26,Reservoir Dogs,1992,https://letterboxd.com/cindyshi/film/reservoir-dogs/,,,netflix,2019-07-25
2019-07-27,Easy Rider,1969,https://letterboxd.com/cindyshi/film/easy-rider/,3,,criterion channel,2019-07-26
2019-07-27,Midnight Cowboy,1969,https://letterboxd.com/cindyshi/film/midnight-cowboy/,,,criterion channel,2019-07-26
2019-07-28,Bob & Carol & Ted & Alice,1969,https://letterboxd.com/cindyshi/film/bob-carol-ted-alice/,4.5,,criterion channel,2019-07-27
2019-07-28,Cactus Flower,1969,https://letterboxd.com/cindyshi/film/cactus-flower/,4,,"rent, youtube",2019-07-27
2019-07-28,Model Shop,1969,https://letterboxd.com/cindyshi/film/model-shop/,,,,2019-07-27
2019-07-29,Once Upon a Time… in Hollywood,2019,https://letterboxd.com/cindyshi/film/once-upon-a-time-in-hollywood/,4,,"cineplex, scotiabank",2019-07-28
2019-07-30,Paris Is Burning,1990,https://letterboxd.com/cindyshi/film/paris-is-burning/,4.5,,"cinematheque, 52filmsbywomen2019",2019-07-29
2019-07-30,Share,2019,https://letterboxd.com/cindyshi/film/share-2019/,,,"crave, 52filmsbywomen2019",2019-07-29
2019-07-31,The Lion King,2019,https://letterboxd.com/cindyshi/film/the-lion-king-2019/,3.5,,"cineplex, scotiabank",2019-07-30
2019-07-31,Ophelia,2018,https://letterboxd.com/cindyshi/film/ophelia-2018/,2.5,,52filmsbywomen2019,2019-07-30
2019-08-04,"Dance, Girl, Dance",1940,https://letterboxd.com/cindyshi/film/dance-girl-dance/,4,,"criterion channel, 52filmsbywomen2019",2019-08-03
2019-08-06,Take This Waltz,2011,https://letterboxd.com/cindyshi/film/take-this-waltz/,3,,"amazon prime, 52filmsbywomen2019",2019-08-05
2019-08-22,Lady Bird,2017,https://letterboxd.com/cindyshi/film/lady-bird/2/,5,Yes,amazon prime,2019-08-21
2019-08-25,Once Upon a Time… in Hollywood,2019,https://letterboxd.com/cindyshi/film/once-upon-a-time-in-hollywood/1/,4,Yes,"new beverly cinema, 35mm",2019-08-25
2019-09-05,The Death & Life of John F. Donovan,2018,https://letterboxd.com/cindyshi/film/the-death-life-of-john-f-donovan/,,,"international village, cineplex",2019-09-03
2019-09-05,Apocalypse Now,1979,https://letterboxd.com/cindyshi/film/apocalypse-now/,,,"international village, cineplex",2019-09-04
2019-09-10,Stuffed,2019,https://letterboxd.com/cindyshi/film/stuffed-2019/,4,,"vancity, viff, viff19, 52filmsbywomen2019",2019-09-09
2019-09-10,Castle of Dreams,2019,https://letterboxd.com/cindyshi/film/castle-of-dreams/,3,,"vancity, viff, viff19",2019-09-09
2019-09-12,Scarborough,2018,https://letterboxd.com/cindyshi/film/scarborough/,2,,"vancity, viff, viff19",2019-09-11
2019-09-12,Martha: A Picture Story,2019,https://letterboxd.com/cindyshi/film/martha-a-picture-story/,4,,"vancity, viff, viff19, 52filmsbywomen2019",2019-09-11
2019-09-12,Le Bonheur,1965,https://letterboxd.com/cindyshi/film/le-bonheur/,5,,"criterion channel, 52filmsbywomen2019",2019-09-11
2019-09-13,Women Reply,1975,https://letterboxd.com/cindyshi/film/women-reply/,,,"criterion channel, 52filmsbywomen2019",2019-09-12
2019-09-15,Finding Big Country,2018,https://letterboxd.com/cindyshi/film/finding-big-country/,,,"amazon prime, 52filmsbywomen2019",2019-09-13
2019-09-15,Ishtar,1987,https://letterboxd.com/cindyshi/film/ishtar/,,,"cinematheque, 52filmsbywomen2019",2019-09-14
2019-09-15,Mikey and Nicky,1976,https://letterboxd.com/cindyshi/film/mikey-and-nicky/,,,"cinematheque, 52filmsbywomen2019",2019-09-14
2019-09-16,The Squid and the Whale,2005,https://letterboxd.com/cindyshi/film/the-squid-and-the-whale/,4,,amazon prime,2019-09-15
2019-09-16,Greenberg,2010,https://letterboxd.com/cindyshi/film/greenberg/,2,,amazon prime,2019-09-15
2019-09-18,We Are Not Princesses,2018,https://letterboxd.com/cindyshi/film/we-are-not-princesses/,,,"viff, viff19, vancity, 52filmsbywomen2019",2019-09-17
2019-09-18,Kicking and Screaming,1995,https://letterboxd.com/cindyshi/film/kicking-and-screaming/,4.5,,netflix,2019-09-17
2019-09-19,Assholes: A Theory,2019,https://letterboxd.com/cindyshi/film/assholes-a-theory/,,,"viff, viff19, vancity",2019-09-18
2019-09-19,The Men's Room,2018,https://letterboxd.com/cindyshi/film/the-mens-room-2018/,,,"viff, viff19, vancity",2019-09-18
2019-09-21,Ad Astra,2019,https://letterboxd.com/cindyshi/film/ad-astra-2019/,3.5,,"cineplex, scotiabank",2019-09-20
2019-09-21,Hustlers,2019,https://letterboxd.com/cindyshi/film/hustlers-2019/,4,,"cineplex, scotiabank, 52filmsbywomen2019",2019-09-21
2019-09-21,Cherry Blossoms,2008,https://letterboxd.com/cindyshi/film/cherry-blossoms/,3,,52filmsbywomen2019,2019-09-21
2019-09-23,Listen Up Philip,2014,https://letterboxd.com/cindyshi/film/listen-up-philip/,3.5,,mubi,2019-09-22
2019-09-23,Dying to Survive,2018,https://letterboxd.com/cindyshi/film/dying-to-survive/,3,,"viff, vancity",2019-09-22
2019-09-23,What You Gonna Do When the World's on Fire?,2018,https://letterboxd.com/cindyshi/film/what-you-gonna-do-when-the-worlds-on-fire/,,,cinematheque,2019-09-22
2019-09-25,Documenteur,1981,https://letterboxd.com/cindyshi/film/documenteur/,,,"criterion channel, 52filmsbywomen2019",2019-09-23
2019-09-25,Enigma,2001,https://letterboxd.com/cindyshi/film/enigma-2001/,1.5,,,2019-09-24
2019-09-27,And Then We Danced,2019,https://letterboxd.com/cindyshi/film/and-then-we-danced/,4,,"viff19, playhouse, viff",2019-09-26
2019-09-27,Deerskin,2019,https://letterboxd.com/cindyshi/film/deerskin/,4,,"viff19, viff, rio",2019-09-26
2019-09-28,"A White, White Day",2019,https://letterboxd.com/cindyshi/film/a-white-white-day/,3,,"viff, viff19, international village",2019-09-27
2019-09-28,Dafne,2019,https://letterboxd.com/cindyshi/film/dafne/,4,,"viff, viff19, international village",2019-09-27
2019-09-28,Young Ahmed,2019,https://letterboxd.com/cindyshi/film/young-ahmed/,2.5,,"viff, viff19, centre",2019-09-27
2019-09-28,Parasite,2019,https://letterboxd.com/cindyshi/film/parasite-2019/,5,,"viff, viff19, centre",2019-09-27
2019-09-29,By the Grace of God,2018,https://letterboxd.com/cindyshi/film/by-the-grace-of-god-2018/,4,,"viff, viff19, playhouse",2019-09-28
2019-09-30,Balloon,2019,https://letterboxd.com/cindyshi/film/balloon-2019-1/,3,,"viff, viff19, international village",2019-09-28
2019-09-30,The Twentieth Century,2019,https://letterboxd.com/cindyshi/film/the-twentieth-century/,,,"viff, viff19, international village, q&a",2019-09-28
2019-09-30,Another Child,2019,https://letterboxd.com/cindyshi/film/another-child/,3,,"viff, viff19, international village",2019-09-29
2019-09-30,"Anne at 13,000 ft",2019,https://letterboxd.com/cindyshi/film/anne-at-13000-ft/,4,,"viff, viff19, international village, q&a",2019-09-29
2019-09-30,Birthday,2019,https://letterboxd.com/cindyshi/film/birthday-2019/,2,,"viff, viff19, playhouse, 52filmsbywomen2019",2019-09-29
2019-09-30,Greener Grass,2019,https://letterboxd.com/cindyshi/film/greener-grass-2019/,,,"viff, viff19, rio, 52filmsbywomen2019",2019-09-29
2019-10-01,The Shadow Play,2018,https://letterboxd.com/cindyshi/film/the-shadow-play-2018/,3.5,,"viff, viff19, international village",2019-09-30
2019-10-01,Tapeworm,2019,https://letterboxd.com/cindyshi/film/tapeworm/,,,"viff, viff19, cinematheque, q&a",2019-09-30
2019-10-01,Cranks,2019,https://letterboxd.com/cindyshi/film/cranks/,,,"viff, viff19, cinematheque, q&a",2019-09-30
2019-10-02,Sorry We Missed You,2019,https://letterboxd.com/cindyshi/film/sorry-we-missed-you/,4,,"viff, viff19, centre",2019-10-01
2019-10-03,"Jordan River Anderson, The Messenger",2019,https://letterboxd.com/cindyshi/film/jordan-river-anderson-the-messenger/,,,"viff, viff19, 52filmsbywomen2019, international village, q&a",2019-10-02
2019-10-03,Every Day a Good Day,2018,https://letterboxd.com/cindyshi/film/every-day-a-good-day/,3,,"viff, viff19, international village",2019-10-02
2019-10-03,Les Misérables,2019,https://letterboxd.com/cindyshi/film/les-miserables-2019/,,,"viff, viff19, playhouse",2019-10-02
2019-10-03,Spider,2019,https://letterboxd.com/cindyshi/film/spider-2019-1/,3,,"viff, viff19, playhouse",2019-10-02
2019-11-06,When the Children Left,2019,https://letterboxd.com/cindyshi/film/when-the-children-left/,,,"viff, viff19, 52filmsbywomen2019, q&a",2019-10-02
2019-10-04,A Voluntary Year,2019,https://letterboxd.com/cindyshi/film/a-voluntary-year/,3.5,,"viff, viff19, international village, q&a",2019-10-03
2019-10-05,Bacurau,2019,https://letterboxd.com/cindyshi/film/bacurau/,4,,"viff, viff19, playhouse",2019-10-03
2019-10-05,Bait,2019,https://letterboxd.com/cindyshi/film/bait-2019/,,,"viff, viff19, playhouse",2019-10-04
2019-10-05,Midnight Family,2019,https://letterboxd.com/cindyshi/film/midnight-family/,,,"viff, viff19, international village",2019-10-04
2019-10-05,Cherry Blossoms & Demons,2019,https://letterboxd.com/cindyshi/film/cherry-blossoms-demons/,2,,"viff, viff19, playhouse, q&a, 52filmsbywomen2019",2019-10-04
2019-10-05,Oh Mercy,2019,https://letterboxd.com/cindyshi/film/oh-mercy/,,,"viff, viff19, playhouse, q&a",2019-10-04
2019-10-06,Waves,2019,https://letterboxd.com/cindyshi/film/waves-2019/,4,,"viff, viff19, centre",2019-10-05
2019-10-06,Fourteen,2019,https://letterboxd.com/cindyshi/film/fourteen-2019/,4,,"viff, viff19, international village, q&a",2019-10-05
2019-10-06,Amanda,2018,https://letterboxd.com/cindyshi/film/amanda-2018/,4,,"viff, viff19, international village",2019-10-05
2019-10-06,Portrait of a Lady on Fire,2019,https://letterboxd.com/cindyshi/film/portrait-of-a-lady-on-fire/,4,,"viff, viff19, centre, 52filmsbywomen2019",2019-10-05
2019-10-07,Children of the Sea,2019,https://letterboxd.com/cindyshi/film/children-of-the-sea/,3,,"viff, viff19, international village",2019-10-06
2019-10-07,The Specials,2019,https://letterboxd.com/cindyshi/film/the-specials-2019/,3,,"viff, viff19, centre",2019-10-06
2019-10-09,It Must Be Heaven,2019,https://letterboxd.com/cindyshi/film/it-must-be-heaven/,4,,"viff, viff19, international village",2019-10-07
2019-10-09,The Two Popes,2019,https://letterboxd.com/cindyshi/film/the-two-popes/1/,3,,"viff, viff19, centre",2019-10-07
2019-10-09,Invisible Life,2019,https://letterboxd.com/cindyshi/film/invisible-life/1/,4.5,,"viff, viff19, centre",2019-10-07
2019-10-09,No. 7 Cherry Lane,2019,https://letterboxd.com/cindyshi/film/no-7-cherry-lane/,1.5,,"viff, viff19, centre",2019-10-08
2019-10-10,Synonyms,2019,https://letterboxd.com/cindyshi/film/synonyms/,4,,"viff, viff19, international village",2019-10-08
2019-10-10,"I Was at Home, But...",2019,https://letterboxd.com/cindyshi/film/i-was-at-home-but/,,,"viff, viff19, international village, 52filmsbywomen2019",2019-10-09
2019-10-10,The Cave,2019,https://letterboxd.com/cindyshi/film/the-cave-2019-1/,2,,"viff, viff19, playhouse, q&a",2019-10-09
2019-10-10,Beanpole,2019,https://letterboxd.com/cindyshi/film/beanpole/,3.5,,"viff, viff19, international village",2019-10-09
2019-10-10,Mr. Jones,2019,https://letterboxd.com/cindyshi/film/mr-jones-2019/,3.5,,"viff, viff19, centre, 52filmsbywomen2019",2019-10-09
2019-10-11,System K,2019,https://letterboxd.com/cindyshi/film/system-k/,,,"viff, viff19, sfu",2019-10-10
2019-10-11,Marriage Story,2019,https://letterboxd.com/cindyshi/film/marriage-story-2019/,4,,"viff, viff19, centre",2019-10-10
2019-10-12,"My Dads, My Moms, and Me",2019,https://letterboxd.com/cindyshi/film/my-dads-my-moms-and-me/,,,"viff, viff19, vancity, 52filmsbywomen2019, q&a",2019-10-11
2019-10-12,The Wild Goose Lake,2019,https://letterboxd.com/cindyshi/film/the-wild-goose-lake/,,,"viff, viff19, sfu",2019-10-11
2019-10-12,Ford v Ferrari,2019,https://letterboxd.com/cindyshi/film/ford-v-ferrari/,3,,"viff, viff19, playhouse",2019-10-11
2019-10-13,La Belle Époque,2019,https://letterboxd.com/cindyshi/film/la-belle-epoque-2019/,4.5,,"viff, viff19, centre",2019-10-11
2019-11-06,Happytime Social Club,2019,https://letterboxd.com/cindyshi/film/happytime-social-club/,,,"viff, viff19, q&a",2019-10-11
2019-10-14,Four Faces of the Moon,2016,https://letterboxd.com/cindyshi/film/four-faces-of-the-moon/,,,"moa, 52filmsbywomen2019",2019-10-13
2019-10-15,Human Nature,2019,https://letterboxd.com/cindyshi/film/human-nature-2019/,2.5,,"viff, viff19, vancity",2019-10-14
2019-10-15,Veslemøy's Song,2018,https://letterboxd.com/cindyshi/film/veslemoys-song/,,,"mubi, 52filmsbywomen2019",2019-10-14
2019-10-17,Matthias & Maxime,2019,https://letterboxd.com/cindyshi/film/matthias-maxime/,4,,"cineplex, international village",2019-10-16
2019-10-20,Tracks,2013,https://letterboxd.com/cindyshi/film/tracks-2013/,1.5,,amazon prime,2019-10-19
2019-10-22,Okja,2017,https://letterboxd.com/cindyshi/film/okja/,3,,netflix,2019-10-19
2019-10-21,The Bread and Alley,1970,https://letterboxd.com/cindyshi/film/the-bread-and-alley/,,,cinematheque,2019-10-20
2019-10-21,The Colours,1976,https://letterboxd.com/cindyshi/film/the-colours/,,,cinematheque,2019-10-20
2019-10-21,So Can I,1975,https://letterboxd.com/cindyshi/film/so-can-i/,,,cinematheque,2019-10-20
2019-10-21,Toothache,1983,https://letterboxd.com/cindyshi/film/toothache/,,,cinematheque,2019-10-20
2019-10-21,Two Solutions for One Problem,1975,https://letterboxd.com/cindyshi/film/two-solutions-for-one-problem/,,,cinematheque,2019-10-20
2019-10-21,Where Is My Friend's House?,1987,https://letterboxd.com/cindyshi/film/where-is-my-friends-house/,4.5,,cinematheque,2019-10-20
2019-10-21,"Life, and Nothing More...",1992,https://letterboxd.com/cindyshi/film/life-and-nothing-more/,4.5,,cinematheque,2019-10-20
2019-10-21,Through the Olive Trees,1994,https://letterboxd.com/cindyshi/film/through-the-olive-trees/,4,,cinematheque,2019-10-20
2019-10-22,Wendy and Lucy,2008,https://letterboxd.com/cindyshi/film/wendy-and-lucy/,4,,"criterion channel, 52filmsbywomen2019",2019-10-21
2019-10-22,The Third Man,1949,https://letterboxd.com/cindyshi/film/the-third-man/,,,criterion channel,2019-10-21
2019-10-23,Gemini Man,2019,https://letterboxd.com/cindyshi/film/gemini-man-2019/,2.5,,"cineplex, fifth ave, 3d",2019-10-22
2019-10-25,Monos,2019,https://letterboxd.com/cindyshi/film/monos/,4,,"viff, vancity",2019-10-24
2019-10-25,For Sama,2019,https://letterboxd.com/cindyshi/film/for-sama/,4,,"viff, vancity, 52filmsbywomen2019",2019-10-24
2019-10-27,Trainspotting,1996,https://letterboxd.com/cindyshi/film/trainspotting/,,,criterion channel,2019-10-26
2019-10-30,Joker,2019,https://letterboxd.com/cindyshi/film/joker-2019/,2,,"cineplex, park, 70mm",2019-10-29
2019-10-31,Meek's Cutoff,2010,https://letterboxd.com/cindyshi/film/meeks-cutoff/,,,"criterion channel, 52filmsbywomen2019",2019-10-29
2019-10-31,Judy,2019,https://letterboxd.com/cindyshi/film/judy-2019/,2,,"cineplex, fifth ave",2019-10-30
2019-10-31,Calamity Who?,2015,https://letterboxd.com/cindyshi/film/calamity-who/,,,"mubi, 52filmsbywomen2019",2019-10-30
2019-11-01,The Lighthouse,2019,https://letterboxd.com/cindyshi/film/the-lighthouse-2019/,,,"cineplex, international village",2019-10-30
2019-10-31,Colours,2019,https://letterboxd.com/cindyshi/film/colours-2019/,,,"52filmsbywomen2019, instagram",2019-10-31
2019-11-02,Hunt for the Wilderpeople,2016,https://letterboxd.com/cindyshi/film/hunt-for-the-wilderpeople/,3,,netflix,2019-10-31
2019-11-02,Snowbird,2016,https://letterboxd.com/cindyshi/film/snowbird/,,,youtube,2019-11-01
2019-11-02,Taste of Cherry,1997,https://letterboxd.com/cindyshi/film/taste-of-cherry/,4.5,,cinematheque,2019-11-01
2019-11-02,The Wind Will Carry Us,1999,https://letterboxd.com/cindyshi/film/the-wind-will-carry-us/,4,,cinematheque,2019-11-01
2019-11-02,Eden,2014,https://letterboxd.com/cindyshi/film/eden-2014-1/,4,,"52filmsbywomen2019, rent, youtube",2019-11-01
2019-11-03,The Silence,2016,https://letterboxd.com/cindyshi/film/the-silence-2016/,,,"52filmsbywomen2019, criterion channel",2019-11-02
2019-11-03,The Age of Innocence,1993,https://letterboxd.com/cindyshi/film/the-age-of-innocence/,4.5,,amazon prime,2019-11-02
2019-11-04,Abbas Kiarostomi: Truths and Dreams,1994,https://letterboxd.com/cindyshi/film/abbas-kiarostomi-truths-and-dreams/,,,criterion channel,2019-11-03
2019-11-05,The King,2019,https://letterboxd.com/cindyshi/film/the-king-2019/,2.5,,"viff, vancity",2019-11-03
2019-11-05,The Body Remembers When the World Broke Open,2019,https://letterboxd.com/cindyshi/film/the-body-remembers-when-the-world-broke-open/,4,,"viff, vancity, q&a, 52filmsbywomen2019",2019-11-03
2019-11-06,Gaby Baby Doll,2014,https://letterboxd.com/cindyshi/film/gaby-baby-doll/,2.5,,"mubi, 52filmsbywomen2019",2019-11-05
2019-11-06,The King of Comedy,1982,https://letterboxd.com/cindyshi/film/the-king-of-comedy/,5,,rio,2019-11-05
2019-11-08,My Beautiful Laundrette,1985,https://letterboxd.com/cindyshi/film/my-beautiful-laundrette/,,,"viff, vancity, film studies",2019-11-06
2019-11-08,Home,2008,https://letterboxd.com/cindyshi/film/home-2008/,2.5,,"mubi, 52filmsbywomen2019",2019-11-07
2019-11-09,Klaus,2019,https://letterboxd.com/cindyshi/film/klaus/,4,,"viff, vancity",2019-11-08
2019-11-09,The World Is Bright,2019,https://letterboxd.com/cindyshi/film/the-world-is-bright/,3,,"vaff, 52filmsbywomen2019, q&a",2019-11-08
2019-11-09,Funny Ha Ha,2002,https://letterboxd.com/cindyshi/film/funny-ha-ha/,,,mubi,2019-11-09
2019-11-10,The Farewell,2019,https://letterboxd.com/cindyshi/film/the-farewell-2019/1/,4.5,Yes,,2019-11-09
2019-11-11,Bad Education,2004,https://letterboxd.com/cindyshi/film/bad-education/,4,,itunes,2019-11-10
2019-11-12,Women on the Verge of a Nervous Breakdown,1988,https://letterboxd.com/cindyshi/film/women-on-the-verge-of-a-nervous-breakdown/,,,itunes,2019-11-11
2019-11-12,GoodFellas,1990,https://letterboxd.com/cindyshi/film/goodfellas/,,,netflix,2019-11-11
2019-11-14,Billy,2019,https://letterboxd.com/cindyshi/film/billy-2019/,,,mubi,2019-11-13
2019-11-14,Shakti,2019,https://letterboxd.com/cindyshi/film/shakti-2019/,,,mubi,2019-11-13
2019-11-14,Taxi Driver,1976,https://letterboxd.com/cindyshi/film/taxi-driver/,,,amazon prime,2019-11-13
2019-11-15,Shirin,2008,https://letterboxd.com/cindyshi/film/shirin/,,,cinematheque,2019-11-14
2019-11-16,The Together Project,2016,https://letterboxd.com/cindyshi/film/the-together-project/,3,,"mubi, 52filmsbywomen2019",2019-11-15
2019-11-17,The Irishman,2019,https://letterboxd.com/cindyshi/film/the-irishman-2019/,,,"viff, vancity",2019-11-15
2019-11-22,The High Road,2019,https://letterboxd.com/cindyshi/film/the-high-road-2019/,,,vimff,2019-11-17
2019-11-22,United States of Joe’s,2019,https://letterboxd.com/cindyshi/film/united-states-of-joes/,4.5,,vimff,2019-11-17
2019-12-30,The Nose Speed Record,2019,https://letterboxd.com/cindyshi/film/the-nose-speed-record/,4,,"rio, vimff",2019-11-17
2019-11-19,Little Women,2019,https://letterboxd.com/cindyshi/film/little-women-2019/,4,,"viff, scotiabank, 52filmsbywomen2019",2019-11-18
2019-11-19,Memory Exercises,2016,https://letterboxd.com/cindyshi/film/memory-exercises/,,,"mubi, 52filmsbywomen2019",2019-11-19
2019-11-20,Pain and Glory,2019,https://letterboxd.com/cindyshi/film/pain-and-glory/,4.5,,"cineplex, international village",2019-11-19
2019-11-22,The Godfather,1972,https://letterboxd.com/cindyshi/film/the-godfather/,,,amazon prime,2019-11-20
2019-11-23,A Beautiful Day in the Neighborhood,2019,https://letterboxd.com/cindyshi/film/a-beautiful-day-in-the-neighborhood/,2.5,,"cineplex, fifth ave, 52filmsbywomen2019",2019-11-22
2019-11-26,The Fall,2019,https://letterboxd.com/cindyshi/film/the-fall-2019/,,,,2019-11-25
2019-11-27,Ellis,2015,https://letterboxd.com/cindyshi/film/ellis/,,,itunes,2019-11-26
2019-11-28,The Irishman,2019,https://letterboxd.com/cindyshi/film/the-irishman-2019/1/,5,Yes,netflix,2019-11-27
2019-11-30,Atlantics,2019,https://letterboxd.com/cindyshi/film/atlantics-2019/,4,,"netflix, 52filmsbywomen2019",2019-11-29
2019-12-01,The Decline of Western Civilization,1981,https://letterboxd.com/cindyshi/film/the-decline-of-western-civilization/,,,"criterion channel, 52filmsbywomen2019",2019-11-30
2019-12-04,Jojo Rabbit,2019,https://letterboxd.com/cindyshi/film/jojo-rabbit/,,,"cineplex, park",2019-12-03
2019-12-13,1917,2019,https://letterboxd.com/cindyshi/film/1917/,4.5,,"viff, scotiabank",2019-12-04
2019-12-06,Knives Out,2019,https://letterboxd.com/cindyshi/film/knives-out-2019/,,,"cineplex, fifth ave",2019-12-05
2019-12-30,The Florida Project,2017,https://letterboxd.com/cindyshi/film/the-florida-project/1/,4.5,Yes,"cinematheque, 35mm, q&a",2019-12-05
2019-12-07,Starlet,2012,https://letterboxd.com/cindyshi/film/starlet/,4,,cinematheque,2019-12-06
2019-12-08,"One Sings, the Other Doesn't",1977,https://letterboxd.com/cindyshi/film/one-sings-the-other-doesnt/,5,,"criterion channel, 52filmsbywomen2019",2019-12-07
2019-12-08,Varda by Agnès,2019,https://letterboxd.com/cindyshi/film/varda-by-agnes/,4,,"viff, vancity, 52filmsbywomen2019",2019-12-07
2019-12-09,Tangerine,2015,https://letterboxd.com/cindyshi/film/tangerine/1/,4.5,Yes,cinematheque,2019-12-08
2019-12-10,Starlet,2012,https://letterboxd.com/cindyshi/film/starlet/1/,4,Yes,"cinematheque, q&a",2019-12-08
2019-12-11,Honey Boy,2019,https://letterboxd.com/cindyshi/film/honey-boy/,3.5,,"cineplex, scotiabank, 52filmsbywomen2019",2019-12-10
2019-12-11,Queen & Slim,2019,https://letterboxd.com/cindyshi/film/queen-slim/,,,"cineplex, international village, 52filmsbywomen2019",2019-12-10
2019-12-11,The Motorcycle Diaries,2004,https://letterboxd.com/cindyshi/film/the-motorcycle-diaries/,4,,"viff, vancity, cinema salon",2019-12-10
2019-12-11,Mustang,2015,https://letterboxd.com/cindyshi/film/mustang-2015/,,,"mubi, 52filmsbywomen2019",2019-12-11
2019-12-12,GUO4,2019,https://letterboxd.com/cindyshi/film/guo4/,1,,mubi,2019-12-11
2019-12-12,Jojo Rabbit,2019,https://letterboxd.com/cindyshi/film/jojo-rabbit/1/,2.5,Yes,"cineplex, international village",2019-12-11
2019-12-12,Almost Famous,2000,https://letterboxd.com/cindyshi/film/almost-famous/,4.5,,"cineplex, international village",2019-12-11
2019-12-13,Noise is the Houses,2018,https://letterboxd.com/cindyshi/film/noise-is-the-houses/,,,"mubi, 52filmsbywomen2019",2019-12-12
2019-12-14,Frozen II,2019,https://letterboxd.com/cindyshi/film/frozen-ii/,3,,"cineplex, scotiabank, 52filmsbywomen2019",2019-12-13
2019-12-15,Thick Lashes of Lauri Mäntyvaara,2017,https://letterboxd.com/cindyshi/film/thick-lashes-of-lauri-mantyvaara/,3.5,,"mubi, 52filmsbywomen2019",2019-12-14
2019-12-18,Richard Jewell,2019,https://letterboxd.com/cindyshi/film/richard-jewell/,3.5,,"cineplex, international village",2019-12-17
2019-12-18,Parasite,2019,https://letterboxd.com/cindyshi/film/parasite-2019/1/,5,Yes,"cineplex, international village",2019-12-17
2019-12-19,Metropolitan,1990,https://letterboxd.com/cindyshi/film/metropolitan/,4.5,,"viff, vancity, film studies",2019-12-18
2019-12-19,Cats,2019,https://letterboxd.com/cindyshi/film/cats-2019/,1,,scotiabank,2019-12-18
2019-12-19,"Presentation, or Charlotte and Her Steak",1960,https://letterboxd.com/cindyshi/film/presentation-or-charlotte-and-her-steak/,,,criterion channel,2019-12-18
2019-12-20,The Report,2019,https://letterboxd.com/cindyshi/film/the-report-2019/,3.5,,amazon prime,2019-12-19
2019-12-20,Star Wars: The Rise of Skywalker,2019,https://letterboxd.com/cindyshi/film/star-wars-the-rise-of-skywalker/,2.5,,"cineplex, marine drive, 3d",2019-12-19
2019-12-21,63 Up,2019,https://letterboxd.com/cindyshi/film/63-up/,4,,"viff, vancity",2019-12-20
2019-12-21,Bombshell,2019,https://letterboxd.com/cindyshi/film/bombshell-2019/,,,"cineplex, park",2019-12-20
2019-12-21,I Lost My Body,2019,https://letterboxd.com/cindyshi/film/i-lost-my-body/,,,netflix,2019-12-20
2019-12-21,The Great Hack,2019,https://letterboxd.com/cindyshi/film/the-great-hack/,,,"netflix, 52filmsbywomen2019",2019-12-21
2019-12-22,Foreign Correspondent,1940,https://letterboxd.com/cindyshi/film/foreign-correspondent/,3,,cinematheque,2019-12-21
2019-12-23,Gaslight,1944,https://letterboxd.com/cindyshi/film/gaslight-1944/,,,cinematheque,2019-12-21
2019-12-23,A Hidden Life,2019,https://letterboxd.com/cindyshi/film/a-hidden-life-2019/,4,,"cineplex, international village",2019-12-22
2019-12-24,Always Be My Maybe,2019,https://letterboxd.com/cindyshi/film/always-be-my-maybe-2019/,2,,"netflix, 52filmsbywomen2019",2019-12-23
2019-12-24,Downton Abbey,2019,https://letterboxd.com/cindyshi/film/downton-abbey/,,,"rent, youtube",2019-12-23
2019-12-24,Side by Side,2012,https://letterboxd.com/cindyshi/film/side-by-side-2012/,3.5,,"rent, youtube",2019-12-23
2019-12-25,Damsels in Distress,2011,https://letterboxd.com/cindyshi/film/damsels-in-distress/,3,,amazon prime,2019-12-24
2019-12-25,Alita: Battle Angel,2019,https://letterboxd.com/cindyshi/film/alita-battle-angel/,2.5,,"rent, youtube",2019-12-24
2019-12-25,Dark Phoenix,2019,https://letterboxd.com/cindyshi/film/dark-phoenix/,2,,"youtube, rent",2019-12-24
2019-12-26,Dolemite Is My Name,2019,https://letterboxd.com/cindyshi/film/dolemite-is-my-name/,3,,netflix,2019-12-25
2019-12-30,Little Women,2019,https://letterboxd.com/cindyshi/film/little-women-2019/1/,4.5,Yes,"cineplex, international village",2019-12-25
2019-12-27,The Wizard of Oz,1939,https://letterboxd.com/cindyshi/film/the-wizard-of-oz-1939/,,,cinematheque,2019-12-26
2019-12-27,Cry Me a River,2008,https://letterboxd.com/cindyshi/film/cry-me-a-river/,,,youtube,2019-12-26
2019-12-28,The Farewell,2019,https://letterboxd.com/cindyshi/film/the-farewell-2019/2/,4.5,Yes,"viff, vancity",2019-12-27
2019-12-29,Honeyland,2019,https://letterboxd.com/cindyshi/film/honeyland-2019/,4,,"viff, vancity, 52filmsbywomen2019",2019-12-28
2019-12-29,The Nightingale,2018,https://letterboxd.com/cindyshi/film/the-nightingale-2018/,,,"viff, vancity, 52filmsbywomen2019",2019-12-28
2019-12-30,What She Said: The Art of Pauline Kael,2018,https://letterboxd.com/cindyshi/film/what-she-said-the-art-of-pauline-kael/,3.5,,"viff, vancity",2019-12-29
2019-12-30,Under the Skin,2013,https://letterboxd.com/cindyshi/film/under-the-skin-2013/,3.5,,"viff, vancity",2019-12-29
2019-12-31,The Edge of Democracy,2019,https://letterboxd.com/cindyshi/film/the-edge-of-democracy/,3,,"netflix, 52filmsbywomen2019",2019-12-30
2020-01-01,Little Women,2019,https://letterboxd.com/cindyshi/film/little-women-2019/2/,4.5,Yes,"cineplex, fifth ave",2019-12-31
